-- phpMyAdmin SQL Dump
-- version 5.1.1
-- https://www.phpmyadmin.net/
--
-- 主機： 127.0.0.1
-- 產生時間： 2022-01-05 16:08:00
-- 伺服器版本： 10.4.22-MariaDB
-- PHP 版本： 7.4.27

SET SQL_MODE = "NO_AUTO_VALUE_ON_ZERO";
START TRANSACTION;
SET time_zone = "+00:00";


/*!40101 SET @OLD_CHARACTER_SET_CLIENT=@@CHARACTER_SET_CLIENT */;
/*!40101 SET @OLD_CHARACTER_SET_RESULTS=@@CHARACTER_SET_RESULTS */;
/*!40101 SET @OLD_COLLATION_CONNECTION=@@COLLATION_CONNECTION */;
/*!40101 SET NAMES utf8mb4 */;

--
-- 資料庫: `new_test`
--

-- --------------------------------------------------------

--
-- 資料表結構 `admin`
--

CREATE TABLE `admin` (
  `admin_id` int(11) NOT NULL,
  `admin_name` varchar(20) NOT NULL,
  `admin_pass` varchar(100) NOT NULL,
  `user_time` datetime NOT NULL DEFAULT current_timestamp()
) ENGINE=InnoDB DEFAULT CHARSET=utf8mb4;

--
-- 傾印資料表的資料 `admin`
--

INSERT INTO `admin` (`admin_id`, `admin_name`, `admin_pass`, `user_time`) VALUES
(1, 'Ashley', 'Ashley', '2022-01-04 00:00:00'),
(2, 'Wilson', 'Wilson', '2022-01-04 00:00:00'),
(4, 'cch', 'cch', '2022-01-04 00:00:00'),
(6, 'Mary', 'Mary', '2022-01-04 00:00:00'),
(8, 'Winnie', 'Winnie', '2022-01-04 00:00:00'),
(10, 'Grace', 'Grace', '2022-01-04 00:00:00'),
(12, 'Jacky', 'Jacky', '2022-01-04 00:00:00');

-- --------------------------------------------------------

--
-- 資料表結構 `cart_gift`
--

CREATE TABLE `cart_gift` (
  `cart_gift_id` varchar(14) NOT NULL COMMENT '訂單S開頭 不勾選A_I',
  `member_id` int(11) NOT NULL,
  `cart_quantity` int(2) NOT NULL,
  `gift_id` int(11) NOT NULL,
  `box_color` varchar(10) NOT NULL
) ENGINE=InnoDB DEFAULT CHARSET=utf8mb4;

-- --------------------------------------------------------

--
-- 資料表結構 `cart_gift_d_d`
--

CREATE TABLE `cart_gift_d_d` (
  `cart_g_pro_id` int(11) NOT NULL,
  `cart_gift_id` varchar(14) NOT NULL,
  `pro_id` int(11) NOT NULL
) ENGINE=InnoDB DEFAULT CHARSET=utf8mb4;

-- --------------------------------------------------------

--
-- 資料表結構 `cart_mark`
--

CREATE TABLE `cart_mark` (
  `cart_mark_id` int(11) NOT NULL,
  `mark_id` int(11) NOT NULL,
  `cart_sake_id` varchar(14) NOT NULL
) ENGINE=InnoDB DEFAULT CHARSET=utf8mb4;

-- --------------------------------------------------------

--
-- 資料表結構 `cart_sake`
--

CREATE TABLE `cart_sake` (
  `cart_sake_id` varchar(14) NOT NULL COMMENT '訂單S開頭 不勾選A_I',
  `member_id` int(11) NOT NULL,
  `pro_id` int(11) NOT NULL,
  `cart_quantity` int(2) NOT NULL
) ENGINE=InnoDB DEFAULT CHARSET=utf8mb4;

-- --------------------------------------------------------

--
-- 資料表結構 `discount`
--

CREATE TABLE `discount` (
  `discount_id` int(11) NOT NULL,
  `discount_code` varchar(20) NOT NULL COMMENT 'ex:2022XMAS',
  `discount_info` varchar(20) NOT NULL COMMENT 'ex:2022聖誕節優惠',
  `perscent` float NOT NULL,
  `discount_time_start` datetime NOT NULL,
  `discount_time_end` datetime NOT NULL,
  `active` tinyint(1) NOT NULL COMMENT 'true,false',
  `create_at` datetime NOT NULL DEFAULT current_timestamp() COMMENT '自然產生',
  `modified_at` datetime NOT NULL DEFAULT current_timestamp() COMMENT '自然產生'
) ENGINE=InnoDB DEFAULT CHARSET=utf8mb4;

--
-- 傾印資料表的資料 `discount`
--

INSERT INTO `discount` (`discount_id`, `discount_code`, `discount_info`, `perscent`, `discount_time_start`, `discount_time_end`, `active`, `create_at`, `modified_at`) VALUES
(1, '2021XMAS', '2021聖誕節優惠', 0.85, '2021-12-20 10:00:00', '2021-12-31 10:00:00', 0, '2021-12-01 10:00:00', '2021-12-01 10:00:00'),
(2, '2022NEWYEAR', '2022新年優惠', 0.9, '2021-12-31 10:00:00', '2022-01-02 10:00:00', 0, '2022-01-04 10:55:28', '2022-01-04 10:55:28'),
(3, '2022PEACE', '2022二二八', 0.82, '2022-02-27 10:00:00', '2022-02-28 23:00:00', 0, '2022-01-04 10:55:28', '2022-01-04 10:55:28'),
(4, 'LADYF90', '好味小姐優惠', 0.9, '2022-01-01 11:00:00', '2022-01-31 11:00:00', 1, '2022-01-04 11:00:15', '2022-01-04 11:00:15'),
(5, 'FRED87', 'Fred專屬優惠', 0.87, '2022-02-01 10:00:00', '2022-02-25 10:00:00', 0, '2022-01-04 11:00:15', '2022-01-04 11:00:15'),
(6, 'SHINDERLIN', '林新德專屬折扣', 0.9, '2022-01-01 10:00:00', '2022-04-30 10:00:00', 1, '2022-01-04 11:04:45', '2022-01-04 11:04:45');

-- --------------------------------------------------------

--
-- 資料表結構 `event`
--

CREATE TABLE `event` (
  `event_id` int(4) NOT NULL,
  `event_cat_id` int(1) NOT NULL COMMENT 'event_cat.event_cat_id',
  `event_name` varchar(100) NOT NULL,
  `event_time_start` datetime NOT NULL,
  `event_time_end` datetime NOT NULL,
  `event_brief` varchar(255) NOT NULL,
  `event_location` varchar(255) NOT NULL,
  `event_intro` varchar(9999) NOT NULL COMMENT '活動介紹為HTML，含細節圖片',
  `event_cost` int(10) NOT NULL,
  `event_cover` varchar(255) NOT NULL COMMENT '儲存圖片檔名在資料庫',
  `event_condition` varchar(20) NOT NULL COMMENT '可報名、已截止、已報名',
  `event_due` datetime NOT NULL COMMENT '使用DATEADD()將活動開始時間減七天',
  `event_create_date` datetime NOT NULL DEFAULT current_timestamp() COMMENT '自然產生',
  `event_update_date` datetime NOT NULL DEFAULT current_timestamp() COMMENT '自然產生'
) ENGINE=InnoDB DEFAULT CHARSET=utf8mb4;

--
-- 傾印資料表的資料 `event`
--

INSERT INTO `event` (`event_id`, `event_cat_id`, `event_name`, `event_time_start`, `event_time_end`, `event_brief`, `event_location`, `event_intro`, `event_cost`, `event_cover`, `event_condition`, `event_due`, `event_create_date`, `event_update_date`) VALUES
(2, 1, '日本限定生酒珍饌餐酒會&日本酒品酒課程', '2022-01-08 15:00:00', '2022-01-08 17:00:00', '「日本酒x和食」餐酒會，讓您深入了解日本酒其中的奧妙與和食的搭配', '台北市忠孝東路三段300號 SOGO 復興店 11樓 ,和食EN日本料理', '●關於SAKEMARU\n\n\n全世界的日本酒大多數是在日本生產的，\n日本全境有超過1500家的酒造，\n而每一個酒造都出產數十種不同的日本酒，\n近年來，日本酒開始慢慢流行於日本以外的地方，\n但因為語言的門檻，\n關於日本酒的資訊與知識並不是這麼的輕易了解，\nSAKEMARU的使命是將日本日本酒博大精深的文化、\n傳統與多樣的口感，由淺入深，\n一步一步的帶領想知道更多關於日本酒的人們，\n藉由每個月SAKEMARU為您特選的日本酒，\n更加的瞭解這個文化與它的細節，\n並讓日本酒能在世界的舞台上發揚光大。\n\n\n ●本次活動主題\n\n\nSAKEMARU首次於台灣舉辦餐酒會，\n很榮幸與和食EN日本料理共同籌辦這次的活動。\n我們很榮幸邀請到SAKEMARU執行長兼唎酒師，\n親自與大家說明日本酒的知識與香氣，\n除此之外也會教導大家溫熱清酒的方式，\n讓大家可以更享受清酒在溫度上產生截然不同的變化。\n這次提供五款限定酒款，\n讓日本酒愛好者能夠享受日本酒與和食的餐酒文化，\n請務必來參加體驗！\n\n\n\n ●活動內容\n\n\n1.日本酒知識與品酒筆記\n\n \n我們會和大家一一說明本次日本酒的特色與釀造過程的背景，\n除此之外也帶領大家使用日本酒專用的品酒筆記，\n讓大家詳細了解如何記錄口感以及香氣，\n更可以在清酒的世界中找尋出自己喜歡的口感。\n\n2.日本酒香氣介紹\n\n\nSAKEMARU專程購入日本酒設計的酒鼻子，\n可以趁著難得的機會試著聞看看每一款香氣，\n了解日本清酒的四大類型香氣特色。\n\n3.熱燗！溫熱日本酒的方法\n\n\n怎麼樣才能溫一壺深入人心的熱清酒？\nSAKEMARU就來教導大家，\n溫熱清酒的方式以及需注意的地方，\n也會帶領大家品嚐隨著溫度不同而擁有不同口感的變化，\n這只有日本清酒才會擁有的獨特性。\n\n\n\n\n4.五款日本酒與五款日本和食餐酒搭配\n\n\n這次嚴選五款日本酒款，和日本和食進行搭配，\n讓您體驗日本酒的餐酒搭配方式，\n希望能美酒美食的完美結合，讓您留下感動與深客的回憶！\n\n\n\n酒單&吞酒菜小品料理\n\n■純米酒　旭之出乃勢正宗　冷卸\n厚切豬培根蒜香酒粕味噌焼\n\n\n■瀧自慢　神の穂　秋上がり　純米酒\n烤生菲力牛奶油起司\n\n\n■天寶一　特別純米　八反錦　 しぼりたて生原酒\n土雞卵玉子燒\n\n\n\n■鳩正宗 特別純米酒 華吹雪55 しぼりたて生酒\n鯖魚醃醋刺身\n\n\n\n■町田酒造５５ 特別純米 美山錦 直汲み\n酒蒸白身魚', 1890, '1-1.jpg', '可報名', '2022-01-01 15:00:00', '2022-01-03 15:00:00', '2022-01-03 15:00:00'),
(3, 1, 'Sake Pairing 日本餐酒晚宴 金子半之助', '2022-01-26 20:00:00', '2022-01-26 22:00:00', 'Sake Pairing 閃耀冬日 ▎尊爵不凡 典藏品味與細緻兼具的精彩美味 《金子半之助》歲末尊爵餐酒饗宴，由「SSI日本酒 榮譽酒匠」名師歐子豪，精選最適合佐餐的日本酒，敬邀與您一起品飲日本。 《百年天婦羅名店主廚X酒武士》 由台北美福大飯店湯本誠料理長，以延續秋之旬味經典料理，再次打造極致典雅料理《蝦真丈》，並聯手日本政府受封為「酒武士」殊榮的歐子豪老師，名師聯手締造完美日本酒餐酒盛宴，為凜冽冬夜注入最璀璨的蘊藉。 敬邀您一同來體驗風采絕倫的食尚優雅，譜寫最華麗的美味時光。', '台南市東區中華東路一段358號4F(南紡購物中心)', 'Sake Pairing │ 日本餐酒晚宴   金子半之助  台南南紡店    金子半之助  天婦羅餐酒晚宴 御献立  冬藏       一月十五日　土曜日 食前酒     迎賓酒               唎酒師：趙育群 Riva Chao  先附        帝王蟹‧魚子醬‧山藥佐柚子醋  天婦羅     澎湖海老‧白身魚‧皇帝豆‧穴子‧紫蘇海膽          【福井縣黑龍酒造】 黑龍 純吟 純米吟釀    吸物        玉米蝦真丈  天婦羅     蝦真丈三品盛合│秋葵‧明太子蓮藕‧櫻花蝦           【福岡縣山口酒造】 庭之鶯 O-TORO 果肉特撰梅酒  強肴        澳洲和牛‧蘭花菇│佐松露醬          【太田縣太田酒造】 道灌 山廢 大吟釀原酒  蒸物        干貝蒓菜茶碗蒸  食事        海鮮天茶漬  甘味        栗子紅豆最中餅│黑豆茶', 2585, '2-1.jpg', '可報名', '2022-01-01 15:00:00', '2022-01-03 15:00:00', '2022-01-03 15:00:00'),
(4, 3, '「月令釀般若湯」 – 從日本的「年中行事」走入日本酒世界', '2022-02-10 19:00:00', '2022-02-10 21:30:00', '「The One」引領美好生活想望，帶您從日本「年中行事」體驗日本節慶特色！本場特邀餐飲經驗豐富，同時為日本酒專業評審的楊琇瑄老師，帶您品飲多款具特色的日本酒，從「年中行事」的日本酒單，一探日本文化特色，搭配The One食藝團隊，特製The One 窗花—紅烏龍牛粒，口感酸甜帶有茶香！邀請您！與我們共好冬日的午後時光。', '台北市中山北路二段30號', 'The One食藝中山概念店 \n\n 2021.12月~2022.1月《生活塾》\n\n食藝學院\n\n\n\nThe One 生活塾×「月令釀般若湯」\n\n從日本的「年中行事」走入日本酒世界系列課程\n\n12/26、01/15\n\n日本自古以來，每個時節皆有所謂的「年中行事」，如同台灣每年固定的節慶及時節，而在日本「年中行事」與「日本酒」有深不可分的關係，新年正月時飲用屠蘇、3月3日女兒節時飲用白酒及端午節時飲用菖蒲酒等，皆帶有祈求無病無災、子孫繁盛、五穀豐收等之意，從過去一直傳承至今。\n\n台灣喜歡日本文化的朋友非常多，但提起日本酒時，許多人可能只知是一款酒精性飲料，當學習日本酒時，自然同時增加許多日本的歷史、行事及風俗習慣等知識，此次講座將藉由日本的「年中行事」來一起廣闊地認識日本酒。\n\n「The One」引領美好生活想望，帶您從日本「年中行事」體驗日本節慶特色！本場特邀餐飲經驗豐富，同時為日本酒專業評審的楊琇瑄老師，帶您品飲多款具特色的日本酒，從「年中行事」的日本酒單，一探日本文化特色，搭配The One食藝團隊，特製The One 窗花—紅烏龍牛粒，口感酸甜帶有茶香！邀請您！與我們共好冬日的午後時光。\n\n【未成年請勿飲酒！酒後不開車！開車不喝酒！】\n\n \n\n講師：楊琇瑄Jennifer Yang（國際日本酒講師、日本酒專業評審）\n\n\n\n自從人生的第一次自助旅行，踏上了這個神之國度，對日本的繪畫、服飾及建築等傳統文化之美，驚艷不已深受著迷，為了能夠更悠遊於這個神之國度，開始持續不斷學習日文，專研日本料理與日本酒，進而接觸茶道、弓道等傳統文化。\n\n在日本的旅途之中，最愛去觀賞各種傳統技藝、表演及享受美食的滋味。\n\n \n\n五位台灣米其林推薦餐廳中的女性侍酒師與唎酒師：https://reurl.cc/Oky14y\n\nFB粉專：Jennifer Yang （楊琇瑄）https://www.facebook.com/jennifer.yang0930\n\n講師經歷：\n\n2016年 取得 日本酒唎酒師 資格\n2016年起 師從『表千家不白流』佐藤 宗翠老師\n2018年 取得 國際日本酒講師 資格\n2020年 取得 表千家不白流-小習 資格\n2020、2021年 WSD酒訊雜誌 日本酒大賞 盲飲評鑑會 專業組評審\n曾任職於五星級大飯店餐飲部門、日本高級懷石料理及割烹料理餐廳。', 990, '3-1.jpg', '可報名', '2022-02-03 19:00:00', '2022-01-03 15:00:00', '2022-01-03 15:00:00'),
(5, 3, '《清酒沙龍》「用眼品酒」技巧大公開！', '2022-03-11 18:00:00', '2022-03-11 20:00:00', '辛口酒等於酒精感重的清酒嗎？本講座將帶您認識辛口與甘口的有趣組合。 面對各式清酒要如何選購？本講座教您如何看酒標，讓您不用開瓶就知曉清酒的特性。', '台北大安區信義路四段1號3樓 華岡興業基金會大安中心', '近年來品飲清酒的風氣在台灣日益盛行，關於清酒的知識及如何選擇清酒的學問也越發廣泛討論。本系列講座邀請具有日本SSI日本酒講師與酒匠雙重資格的林科成老師，以輕鬆、淺顯易懂的授課方式引領大家進入清酒的世界，在課堂中一邊品嚐由專業的林科成老師精心挑選的三種不同風味的清酒，一邊學習清酒知識、如何品飲清酒，以及如何選擇適合的清酒以搭配美食。在不同主題中，逐漸提升對清酒的認識，找到自己喜歡的清酒，讓你能更享受清酒的美妙。歡迎一起進入迷人的清酒世界。\n\n對於剛入門，或想要了解更多日本清酒知識的朋友，歡迎參加此系列講座。課程淺顯易懂，能於短時間內增加對於清酒的基本認識，適合提升自已對清酒品鑑及購買技巧的能力。\n\n \n\n講座主題：\n\n＊酒精感NO？辛口酒NG？--辛口與甘口的有趣組合\n＊不用開瓶，「用眼品酒」技巧大公開！', 900, '4-1.jpg', '可報名', '2022-03-04 18:00:00', '2022-01-03 15:00:00', '2022-01-03 15:00:00'),
(6, 3, '《清酒沙龍》 跟著酒喵讀清酒', '2022-04-19 19:30:00', '2022-04-19 22:30:00', '「標籤上面密密麻麻的小字到底代表什麼意思？」「想買清酒佐餐、怎麼挑才能賓主盡歡？」「最近要去日本玩，想買地酒回來但不知道該怎麼選？」 如果你也有這樣的疑惑，就來跟著酒喵學如何看酒標吧！ 酒標是清酒入門的第一步，藉此理解釀造者想要呈現的世界觀。\r\n', '台北市大安區和平東路三段106號\r\n遠企之戀社區B1閱覽室', '〈讀懂清酒酒標、讓你買酒不再茫然〉\n「標籤上面密密麻麻的小字到底代表什麼意思？」「想買清酒佐餐、怎麼挑才能賓主盡歡？」「最近要去日本玩，想買地酒回來但不知道該怎麼選？」\n如果你也有這樣的疑惑，就來跟著酒喵學如何看酒標吧！\n酒標是清酒入門的第一步，藉此理解釀造者想要呈現的世界觀。\n\n《日本酒新手常見問題與誤解》\n1. 生？生Ｘ？\n2. 在台灣買清酒怎麼那麼貴？\n3. 清酒可以放多久？清酒開瓶後、喝不完該怎麼辦？\n4. 酒米的風格差別在哪裡？\n5. 有沒有推薦的 / 必喝酒款？\n6. 酒展裡面有那麼多種清酒，該怎麼喝？\n7. 我不喜歡清酒那種辛辣感。\n8. 我想喝甜一點的。\n9. 清酒不是都喝熱的嗎？\n10. 辛口是辣的，甘口是甜的。\n11. 日本酒度正負值有什麼差別？\n12. 日本東京知名唎酒師千葉麻里絵小姐的味覺練習法。\n\n近兩年市場偏好還有製造想法雙方都起了很大的變化，要是以為只有某些規格才是好酒就太可惜啦。坊間的誤解與創新，讓酒喵一一道來。', 800, '5-1.jpg', '可報名', '2022-04-12 19:30:00', '2022-01-03 15:36:04', '2022-01-03 15:36:04'),
(7, 3, '《日本清酒 v.s 便利店美食', '2022-04-20 18:00:00', '2022-04-20 20:00:00', '打破你對清酒的印象，展現餐酒搭配新生命! 喝清酒也能生活化!? 利用隨手可得的超商美食，也能在家享受迷人清酒魅力。', '台北市南港區經貿二路1號\r\n南港展覽館1館', '表面看清澈如水，入口後除了充滿米香、旨味外，隨著各式不同的米種、釀造方式、酵母、水，清酒所展現出的各式美妙風味亦與許多美食能相呼應。\r\n近幾年日本清酒在台灣蓬勃發展，國人對於清酒的飲用及接受度也相對增加；但大多數的消費者對於品飲的印象仍停留於在日式料理或居酒屋時才會飲用清酒。\r\n本次講堂將介紹清酒如何與日常生活裡隨手可得的便利商店小食搭配，當你經過一整天忙碌工作飢腸轆轆回到家後，即能立馬讓自己獲得美味餐酒搭。\r\n\r\n主講人：\r\n\r\n林珍如 Jessica\r\n\r\n擁有日本SSI酒學講師與唎酒師資格、英國WSET Level 3 Award in Sake優異認證、美麗和服日舞文化學苑和服著裝師範。藉由優雅的生活態度結合日本傳統文化與輕鬆的互動過程，推廣日本酒的魅力。\r\n\r\n\r\n現場提供：\r\n\r\n➢品飲四款酒款\r\n➢每人一份超商美食', 300, '6-1.jpg', '可報名', '2022-04-13 18:00:00', '2022-01-03 16:04:45', '2022-01-03 16:04:45'),
(8, 2, '「CFUN × 意必思清酒」舌尖上的清酒地圖 – 清酒品酩會', '2022-04-14 17:30:00', '2022-04-14 19:30:00', '歲末年終將近，Party、聚餐接踵而來，您的酒單更新了嗎？ 推薦您千萬別錯過由專業日本酒代理商台灣意必思舉辦的清酒品酩會。 不容錯過這次活動的「三大原因」： 入手酒界新寵兒 - 清酒的大好時機 清酒近年人氣急速攀升，加上今年關稅大幅降低，價錢更加親切可人 清酒初學者的最佳入門捷徑 主辦精選日本全國各地的美酒，邀請您來趟清酒探索之旅！透過SSI國際利酒師深入淺出介紹，親身體驗清酒的纖細優雅。 同場加映台灣特色-「滷肉飯」 您會意外原來清酒並非專屬高檔日式料理，更是生活中的餐桌良伴', '台北市中山區樂群二路178號 50/45 WINEHAUS', '歲末年終將近，Party、聚餐接踵而來，您的酒單更新了嗎？\r\n推薦您千萬別錯過由專業日本酒代理商台灣意必思舉辦的清酒品酩會。\r\n不容錯過這次活動的「三大原因」：\r\n入手酒界新寵兒 - 清酒的大好時機 \r\n清酒近年人氣急速攀升，加上今年關稅大幅降低，價錢更加親切可人\r\n清酒初學者的最佳入門捷徑\r\n主辦精選日本全國各地的美酒，邀請您來趟清酒探索之旅！透過SSI國際利酒師深入淺出介紹，親身體驗清酒的纖細優雅。\r\n同場加映台灣特色-「滷肉飯」\r\n您會意外原來清酒並非專屬高檔日式料理，更是生活中的餐桌良伴\r\n\r\n品酩酒款：精選自日本全國各地的超人氣清酒五款\r\n\r\n搭配餐食：食創新煮的「台灣滷肉飯」及創意美食。全省誠品市集、微風及SOGO超市精品美食!!顛覆您的味蕾，滷肉飯不再是庶民小吃~\r\n\r\nCFUN × 意必思清酒，為您補充酒單、增加話題，搖身變成派對人氣王吧！', 399, '7-1.jpg', '可報名', '2022-04-07 17:30:00', '2022-01-03 16:04:45', '2022-01-03 16:04:45'),
(9, 3, '《清酒沙龍》只有大吟釀才好喝？', '2022-05-02 15:30:00', '2022-05-02 18:00:00', '對清酒的印象依然停留在舊時代的形象嗎？本講座將介紹現代清酒的時尚風貌。 清酒只有大吟釀好喝嗎？本講座將帶您認識豐富的清酒種類。', '台北大安區信義路四段1號3樓 華岡大安中心', '近年來品飲清酒的風氣在台灣日益盛行，關於清酒的知識及如何選擇清酒的學問也越發廣泛討論。本系列講座邀請具有日本SSI日本酒講師與酒匠雙重資格的林科成老師，以輕鬆、淺顯易懂的授課方式引領大家進入清酒的世界，在課堂中一邊品嚐由專業的林科成老師精心挑選的三種不同風味的清酒，一邊學習清酒知識、如何品飲清酒，以及如何選擇適合的清酒以搭配美食。在不同主題中，逐漸提升對清酒的認識，找到自己喜歡的清酒，讓你能更享受清酒的美妙。歡迎一起進入迷人的清酒世界。\r\n\r\n對於剛入門，或想要了解更多日本清酒知識的朋友，歡迎參加此系列講座。課程淺顯易懂，能於短時間內增加對於清酒的基本認識，適合提升自已對清酒品鑑及購買技巧的能力。\r\n\r\n講座主題：\r\n＊清酒也可以很時尚！---淺談清酒的時尚感與美感 \r\n＊只有大吟釀才好喝？---清酒的種類超乎你的想像', 900, '8-1.jpg', '可報名', '2022-04-25 15:30:00', '2022-01-03 16:04:45', '2022-01-03 16:04:45'),
(10, 3, '日本酒乾杯 微醺夏夜清酒吧「築咖啡 X SAKE清酒品酒講座」', '2022-04-16 19:00:00', '2022-04-16 21:00:00', '日本酒乾杯 微醺夏夜清酒吧 築咖啡 X SAKE 清酒品酒課程', '新竹市東區公園路312號 築咖啡', '課程主題\r\n輕鬆的夏夜最適合暢飲清酒，一口飲盡沁涼入心。\r\n清酒的製作過程繁複，口味多變，種類也十分多元，從清爽到濃郁，華麗到溫和，「日本酒乾杯 微醺夏夜清酒吧」將帶領大家以最輕鬆的方式，隨著迷人的酒米香氣探索清酒的前世今生，並找出最適合的清酒，快來築咖啡聰明喝清酒，微醺長知識。\r\n\r\n\r\n課程內容\r\n1.清酒的好處與特色\r\n2.清酒酒標認識\r\n3.清酒四大風味介紹\r\n4.清酒的背景與故事\r\n5.清酒的新創派\r\n\r\n當日酒單\r\n上善如水Sparkling Sake\r\n上善如水純米大吟釀\r\n上善如水純米\r\n熟成上善如水純米吟釀\r\n上善如水純米吟釀\r\n\r\n講師介紹\r\n黃式賢(Sean)\r\n擔任過多場日本酒講堂的講師並同時擁有清酒唎酒師與葡萄酒侍酒師執照的Sean，將以最輕鬆的方式，使各位在品酒過程中自然學習到日本酒的專業知識，顛覆您對清酒的想像，清酒也可以喝得很時尚。\r\n\r\nSSI International Kikisake-Shi 日本酒侍酒研究會國際唎酒師\r\nISG Wine Fundamentals LI   美國國際侍酒師協會一級\r\n2014 第四回 世界唎酒師大賽  台灣代表決定戰 冠軍\r\n2014 第四回 世界唎酒師大賽  東京決賽 晉級前十強', 500, '9-1.jpg', '可報名', '2022-04-09 19:00:00', '2022-01-03 16:04:45', '2022-01-03 16:04:45'),
(11, 1, 'DATE 7，與7支清酒的約會', '2022-04-17 15:10:00', '2022-04-17 17:10:00', '誰說清酒只能和日本料理搭配???!! 不同的釀造方式，不同米種，創造出屬於每一款銘柄特有的酒款魅力。 每月七月七日備受期待的DATE 7， 由七家酒造分工，各自專注於一個製程環結集合而成年度限量酒款； 本次活動精選七款清酒，讓您感受在不同製程與米種的狀態下 7號酵母的魅力， 同時突破餐酒搭的既定印象，以上海本幫菜做為本次搭配，並邀請專業SSI國際清酒講師介紹，讓您更加了解清酒的迷人風采。', '台北市大安區仁愛路四段66號 春申食府', '\"品酩酒款\r\n\r\n2020限量版 Date 7 純米大吟釀 \r\n\r\n精米步合：29%    原料米：Sasanishiki (笹錦)\r\n\r\n每年七月最令人期待的清酒，由宮城縣七家酒造分工合作釀造之限量商品\r\n華麗香氣與清爽酸味，使用栽種困難的Sasanishiki (笹錦)米款釀造，更顯其珍貴!\r\n主導酒造：寒梅酒造\r\n精米：新澤釀造店\r\n原料處理、蒸米：墨逎江酒造\r\n麴：仙台伊澤家 勝山酒造\r\n酒母：山和酒造店\r\n醪：萩野酒造\r\n上槽：川敬商店 \r\n\r\n真澄 山廢純米吟釀 真朱 AKA\r\n\r\n精米步合：55%    原料米：美山錦、HITOGOKOCHI(長野縣)\r\n\r\n全國新酒鑑評會連續金賞\r\n「真朱」名源起古人使用的天然印泥的朱紅顏色，\r\n\r\n飽滿沉穩的旨味帶出奶酪與芝士的優雅迷人香氣\r\n\r\n真澄 純米吟釀 漆黑 KURO\r\n\r\n精米步合：55%    原料米：美山錦(長野縣)、山田錦 (兵庫縣)\r\n\r\n全國新酒鑑評會連續金賞\r\n真澄旗艦系列中最具可塑性酒款!\r\n「漆黑」取自傳統漆器上黑又有光澤的顏色\r\n\r\n釀造過程注重各種口感平衡，酒體具豐富旨味且立體飽滿\r\n\r\n真澄 純米 茅色 KAYA\r\n\r\n精米步合：70%    原料米：美山錦、HITOGOKOCHI(長野縣)\r\n\r\n全國新酒鑑評會連續金賞\r\n「茅色」取名自收穫季節裡金色的稻田，米為釀酒過程中不可或缺的三大元素之一，\r\n\r\n製造過程刻意降低精米程度，為求將米中所富含的甘甜與旨味真實呈現\r\n\r\n真澄 生原酒 MIYASAKA 美山錦\r\n\r\n精米步合：55%    原料米：美山錦(長野縣)\r\n\r\n全國新酒鑑評會連續金賞\r\n最經典的七號酵母\r\n經半年時間冰溫熟成，具凝縮感的甘甜味與緊緻酒體，\r\n\r\n將美山綿米的特色與口感完美呈現\r\n\r\n真澄 純米吟釀 生原酒  薄濁 春季限定\r\n\r\n精米步合：55%    原料米：美山錦、HITOGOKOCHI (長野縣)\r\n\r\n全國新酒鑑評會連續金賞\r\n超長低溫發酵33天，使用YABUTA壓榨，裝瓶再混入相對整體容量1.2%的混濁成份，\r\n\r\n香蕉系的清香展現七號酵母的特性\r\n\r\n真澄 氣泡酒 純米吟釀\r\n\r\n精米步合：55%    原料米：金紋綿\r\n\r\n全國新酒鑑評會連續金賞\r\n天然細緻的氣泡與清爽綿密的口感\r\n以香檳方式釀造，經二年時間的瓶內二次發酵，擁有細膩且綿長的氣泡感\r\n\r\n場地介紹 \r\n\r\n春申食府\r\n\r\n坐落於環境優美仁愛圓環，由前紅豆食府廚藝總監李慶興主廚創立。\r\n\"\"春申\"\"得名自戰國四公子之一的春申君，相傳春申君是一位美食家，以此命名。\r\n\r\n春申食府以上海本幫菜為主軸，提供高品質食材、精緻料理及舒適用餐環境。\r\n裝潢典雅，兼具傳統與時尚，並由經驗豐富的服務人員為客人服務。\r\n內有宴會廳、包廂、小吃，無論大宴小酌，婚禮宴席皆適合在此舉行，是許多公司行號與知名人士宴客的選擇。\r\n\r\n上海菜即是本幫菜，以紅燒、生煸和煨法見長，濃油赤醬為其特徵。近代上海菜吸收多方派別的料理手法，形成具有綜合性、廣泛性的菜系。\r\n採用時令食材，菜肴種類豐富，烹調方式與時俱進，有清淡素雅，亦有濃油赤醬，講究鮮嫩、色調、鹹淡適口，四季品嘗皆有獨特風味。', 3280, '10-1.jpg', '可報名', '2022-04-10 15:10:00', '2022-01-03 16:04:45', '2022-01-03 16:04:45'),
(12, 2, '夏日微醺 X 清酒之夜', '2022-04-18 12:00:00', '2022-04-18 14:00:00', '車水馬龍的街道　緊繃繁忙的步調　汲汲營營的人生 有多久　你忘了你自己　忘了生活原貌 你可以選擇　淡雅　選擇生活的有品味　懂得品味 懂得生活', '台北市松壽路9號地下2樓 新光三越信義新天地A9法雅客', '今晚將邀請同時擁有SSI 酒匠/ 酒學講師 及 WSET清酒認證資格的清酒講師- KENNY Yang\r\n透過清酒的課程及清酌，與您分享世界上最複雜且細膩的日本清酒\r\n教導您如何品嘗清酒以及清酒與食物的搭配美學\r\n現場同時有激似「東京銀座極品串燒」的一鷺炭火燒鳥工房美味獨家料理\r\n邀您一同度過　品味X醉心X雅緻　的夏日夜晚\r\n\r\n \r\n\r\n活動當日清酒講座，將提供三款清酒試飲+現場串燒料理\r\n\r\n清酒款項\r\n\r\n1.今代司_純米大吟釀 極上：今代司的最高級酒。採用新潟特有酒米－越淡麗，將大吟釀的香氣與純米的旨味，調和至最佳狀態。\r\n2.天神囃子_純米吟釀：在豪雪地帶經過低溫發酵，滑順的口感中有著結實的酒體。與新潟「淡麗辛口」不同特色之「淡麗旨口」酒。\r\n3. 天神囃子_吟麗：有著「淡麗辛口」特色之吟釀酒。清爽順口，特別適合搭配日式料理一同飲用。', 500, '11-1.jpg', '可報名', '2022-04-11 12:00:00', '2022-01-03 16:04:45', '2022-01-03 16:04:45'),
(13, 1, '清酒品飲會 「羽SAKE x Asabiraki」', '2022-04-22 15:00:00', '2022-04-22 17:00:00', '羽SAKE 清酒吧致力推廣日本清酒的品飲文化，想為剛入門的日本酒愛好者舉辦品飲活動！ 繼1月18日的清酒品飲會後，再次與台灣意必思貿易合作，現場8款岩手線地酒一次喝到懂～ 活動期間內含90分鐘利酒師課程，請帶著愉快的心情過來把清酒喝懂吧！！！', '台北市中山區南京東路2段41巷16弄2號1樓 羽SAKE 清酒吧', '羽SAKE\r\n\r\n在日本，清酒的潮流從被視為為老人與長輩才愛喝的飲料，卻因為數不少的新產品推陳出新之下，日漸的年輕化及女性化，為了將這些平時少見的好味道帶來台灣，我們提供了有別於居酒屋的清新風格，更是引進日本當地清酒與各式果實酒、特色梅酒，平價的下酒小菜為的是不用太多拘束，輕鬆的多喝兩杯，自然而然浸沐在日本文化和生活裡。\r\n\r\n羽SAKE x 意必思貿易\r\n\r\n現場將會由利酒師主持，為各位準備約90分鐘的課程，由淺入深，帶領大家細細品嚐\r\n\r\n 清酒品飲會 酒單明細\r\n\r\n蔵埠頭 COLOR   一見鐘情 一度火入純米酒\r\n『只有加熱殺菌一次，新鮮又旨口的純米酒。\r\n冰涼喝風味最佳。推薦搭餐料理』\r\n\r\n\r\n蔵埠頭COLOR RICH  一見鐘情 純米生原酒\r\n『將米的芳醇旨味活躍起來的純米生原酒。\r\n請品嚐純米生原酒才有的力道和生氣。\r\n酒標從酒質的「Ｊuicy」和「豐潤」去聯想到果實和豐收的「橘」做為主色，\r\n設計出表現「濃口」「旨口」「輕快」的概念。』\r\n\r\n\r\n         蔵埠頭COLOR VIBRANT  吟銀河 純米吟釀生原酒\r\n『入口圓潤的純米吟釀生原酒。\r\n請品嚐只有純米吟釀生原酒才有爽快生動口感。』\r\n\r\n\r\n         蔵埠頭 COLORELEGANT 吟銀河    大吟釀生原酒\r\n『華麗的香氣又清爽的大吟釀生原酒。\r\n請品嚐大吟釀生原酒才有的芳醇香氣和新鮮口感。』\r\n\r\n\r\n金色的風   特別純米\r\n『2017年首次推出了岩手縣產米金色的風，擁有吟釀香飽滿的香氣，\r\n可以在廣闊的溫度範圍享受豐富的米味.就像光線照射在峰上吹動海一樣的陽光飽滿\r\n一支酒享受到吟釀香和純米酒獨有的口感』\r\n\r\n 銀河之雫   特別純米\r\n『超過10年的酒米開發，使用2016年新發布的岩手酒米銀河之雫。\r\n上立香飽滿.享受從冷到溫的廣泛溫度範圍  \r\n香氣如同銀河系一樣的飽滿.中斷釋放酸度是一支品飲搭餐都適合的特別純米酒』\r\n\r\n——榮獲 2019IWC本釀造部門金賞受賞酒——\r\n\r\n蔵埠頭 COLOR    一見鐘情 本釀造\r\n『清爽不負擔的辛口本釀造酒。從冷酒到温燗各種溫度都能品嚐到其美味的酒款。』\r\n \r\n蔵埠頭 COLOR    一見鐘情 純米酒\r\n『圓潤的旨味和恰到好處的酸味調和而成的旨口純米酒。\r\n從冷酒到温燗，各種溫度都能品嚐到其美味的酒款。』\r\n\r\n主廚特製下酒菜\r\n\r\n清酒大根佐山葵章魚\r\n醬燒厚切豬五花\r\n明太子干貝', 1099, '12-1.jpg', '可報名', '2022-04-15 15:00:00', '2022-01-03 16:20:04', '2022-01-03 16:20:04'),
(14, 2, 'TW風格食旅，新‧清酒的華麗轉身 品飲共享會', '2022-04-13 17:00:00', '2022-04-13 19:30:00', '如果你對清酒的印象還停留在「老氣」、「醇厚香氣」、「東洋傳統味」這樣的形象，那麼你一定要來試試現代清酒的魅力，絕對顛覆您對傳統日本清酒的印象。想來場不一樣的清酒體驗嗎？TW風格旅食—「新‧清酒的華麗轉身」品飲共享會，邀請你來體驗「新派」清酒的真實魅力〜', '台北市中山區松江路372巷28號 心白 Shinpaku bistro & bar', 'TW風格旅食 清酒系列 Ⅰ —「新 ‧ 清酒的華麗轉身」品飲共享會\r\n\r\n嘿！你沒看錯〜搭著義大利麵的餐酒可是道道地地的日本清酒喔！如果你對清酒的印象還停留在「老氣」、「醇厚香氣」、「東洋傳統味」這樣的形象，那麼你一定要來試試現代清酒的魅力，絕對顛覆您對傳統日本清酒的印象。\r\n\r\n清爽的口感、撲鼻的果香香氣、現代感十足的外包裝，就連品飲時也都轉用葡萄酒杯，從酒體到品飲姿態都與過往大不相同囉！想來場不一樣的清酒體驗嗎？TW風格旅食—「新‧清酒的華麗轉身」品飲共享會，邀請你來體驗「新派」清酒的真實魅力〜\r\n\r\nTW風格旅食 清酒系列\r\n\r\nTW風格旅食為Taipei Walker的「生活體驗講座」活動，為使大眾能擁有更具質感、更有態度的lifestyle，我們在日常生活中尋找有趣的題材，以「主題」與「系列」的安排與呈現，邀請到各領域達人帶領，提供更深度的五感體驗，讓你在庸庸碌碌中也能細細品嘗匿藏在隱隱日常中的美好感受。\r\n\r\n清酒系列總共有5次活動，每次皆有不同主題，以「日本清酒」為中心發想，來探索清酒所帶來的生活樂趣，有興趣的人可以發漏一下喔！未來還有其他主題系列陸續推出，誠摯地邀請大家一起與我們來探索屬於自己的日常風景！\r\n\r\n品飲酒款簡介\r\n\r\n由右至左：\r\n1. 雪之茅舍 秘傳山廢 純米吟釀\r\n擁有清爽的酸度與綿密的尾韻，曾是2012年國際葡萄酒挑戰賽中純米大吟釀和純米吟釀類目的金牌得主。\r\n\r\n2. 山本 純米吟釀 深蒼\r\n有著澎湃的香氣，其酸度更顯沉穩俐落，尾韻有著柑橘果酸味緩緩從舌側竄出，芳鮮餘韻於口中久久不退。\r\n\r\n3. 仙禽 無垢 純米大吟釀（經典版）\r\n帶有清爽的花果香味，旨味與吟釀香氣調和恰如其分，適合初階品飲者探索米味輪廓及高端行家重新找回喝日本酒的初心。\r\n\r\n4. 紀土-KID 純米大吟釀\r\n本支款乃頗具人氣之作，可日常佐餐，帶有優雅果香，入口味道濃郁，後與酸澀感達到調和均衡的美味狀態。\r\n\r\n5. 御前酒 9號 菩提もと純米氣泡清酒\r\n採古代製法「菩提もと」釀製而成的氣泡純米酒，同時具有米的甜味以及天然乳酸菌的酸味，是屬於清涼爽口的酒款。\r\n\r\n講師介紹\r\n\r\n日本清酒達人 溫品自\r\n當初因愛喝而一股腦踏進了日本清酒世界，對清酒的熱情也讓他鑽研清酒知識而考取了「國際唎酒師」證照，為推廣並想分享對清酒的熱愛，而開設了現代感十足的SAKE Bar，現為心白Shinpaku bistro & bar老闆。\r\n\r\n活動場地介紹\r\n\r\n心白Shinpaku bistro & bar\r\n\r\n行天宮周邊住宅巷弄中，簡約低調的清酒餐酒吧吸引著目光，溫暖的空間、自在的氛圍，令人放鬆。以「單杯點酒」型態，讓喜歡嚐鮮的人可以小杯品飲方式嚐到各式清酒，方便顧客找到喜歡的清酒酒款；同時會不定期更換酒單，開業至今已推出超過千款清酒。', 1099, '12-1.jpg', '可報名', '2022-04-15 15:00:00', '2022-01-03 16:20:04', '2022-01-03 16:20:04'),
(15, 1, '清酒品飲會 「羽SAKE x Asabiraki」', '2022-04-22 15:00:00', '2022-04-22 17:00:00', '羽SAKE 清酒吧致力推廣日本清酒的品飲文化，想為剛入門的日本酒愛好者舉辦品飲活動！ 繼1月18日的清酒品飲會後，再次與台灣意必思貿易合作，現場8款岩手線地酒一次喝到懂～ 活動期間內含90分鐘利酒師課程，請帶著愉快的心情過來把清酒喝懂吧！！！', '台北市中山區南京東路2段41巷16弄2號1樓 羽SAKE 清酒吧', '羽SAKE\r\n\r\n在日本，清酒的潮流從被視為為老人與長輩才愛喝的飲料，卻因為數不少的新產品推陳出新之下，日漸的年輕化及女性化，為了將這些平時少見的好味道帶來台灣，我們提供了有別於居酒屋的清新風格，更是引進日本當地清酒與各式果實酒、特色梅酒，平價的下酒小菜為的是不用太多拘束，輕鬆的多喝兩杯，自然而然浸沐在日本文化和生活裡。\r\n\r\n羽SAKE x 意必思貿易\r\n\r\n現場將會由利酒師主持，為各位準備約90分鐘的課程，由淺入深，帶領大家細細品嚐\r\n\r\n 清酒品飲會 酒單明細\r\n\r\n蔵埠頭 COLOR   一見鐘情 一度火入純米酒\r\n『只有加熱殺菌一次，新鮮又旨口的純米酒。\r\n冰涼喝風味最佳。推薦搭餐料理』\r\n\r\n\r\n蔵埠頭COLOR RICH  一見鐘情 純米生原酒\r\n『將米的芳醇旨味活躍起來的純米生原酒。\r\n請品嚐純米生原酒才有的力道和生氣。\r\n酒標從酒質的「Ｊuicy」和「豐潤」去聯想到果實和豐收的「橘」做為主色，\r\n設計出表現「濃口」「旨口」「輕快」的概念。』\r\n\r\n\r\n         蔵埠頭COLOR VIBRANT  吟銀河 純米吟釀生原酒\r\n『入口圓潤的純米吟釀生原酒。\r\n請品嚐只有純米吟釀生原酒才有爽快生動口感。』\r\n\r\n\r\n         蔵埠頭 COLORELEGANT 吟銀河    大吟釀生原酒\r\n『華麗的香氣又清爽的大吟釀生原酒。\r\n請品嚐大吟釀生原酒才有的芳醇香氣和新鮮口感。』\r\n\r\n\r\n金色的風   特別純米\r\n『2017年首次推出了岩手縣產米金色的風，擁有吟釀香飽滿的香氣，\r\n可以在廣闊的溫度範圍享受豐富的米味.就像光線照射在峰上吹動海一樣的陽光飽滿\r\n一支酒享受到吟釀香和純米酒獨有的口感』\r\n\r\n 銀河之雫   特別純米\r\n『超過10年的酒米開發，使用2016年新發布的岩手酒米銀河之雫。\r\n上立香飽滿.享受從冷到溫的廣泛溫度範圍  \r\n香氣如同銀河系一樣的飽滿.中斷釋放酸度是一支品飲搭餐都適合的特別純米酒』\r\n\r\n——榮獲 2019IWC本釀造部門金賞受賞酒——\r\n\r\n蔵埠頭 COLOR    一見鐘情 本釀造\r\n『清爽不負擔的辛口本釀造酒。從冷酒到温燗各種溫度都能品嚐到其美味的酒款。』\r\n \r\n蔵埠頭 COLOR    一見鐘情 純米酒\r\n『圓潤的旨味和恰到好處的酸味調和而成的旨口純米酒。\r\n從冷酒到温燗，各種溫度都能品嚐到其美味的酒款。』\r\n\r\n主廚特製下酒菜\r\n清酒大根佐山葵章魚、醬燒厚切豬五花、明太子干貝', 1399, '13-1.jpg', '可報名', '2022-04-06 17:00:00', '2022-01-03 16:20:04', '2022-01-03 16:20:04'),
(16, 1, '日本清酒 - 新政六號 餐酒會', '2022-04-21 19:00:00', '2022-04-21 21:30:00', '秋田縣的新政酒造是協會6號酵母的發源地， 擁有160多年的歷史卻在近幾年才成為日本酒的當紅炸子雞， 新政酒造將全日本最古老的協會酵母-6號酵母發揚光大， 旗下所有酒款都使用6號酵母及秋田縣的米做酒精發酵， 6號酵母除了在新政酒造使用外，其它酒造都無法使用，因此而更顯得其獨一無二風味。 本活動由專業日本酒學講師帶領，品飲並介紹酒款相關知識，同時搭配精選餐點 邀請您與清酒愛好者一同交流', '台北市大安區安和路一段33號 花酒蔵 餐酒館', '\"特殊品飲酒款\r\n\r\nA-type： A for Aramasa(新政)\r\n\r\n               2019年6月6日 新政之日發售\r\n\r\nB-type： B for Bodaimoto(菩提酛)\r\n\r\n               2019年度特別頒布會\r\n\r\nG-type 2 ：G for Genroku (元祿)\r\n\r\n                  2019 元祿仕入，表示使用元祿時代的古法釀造方式\r\n\r\n常態性品飲酒款(無加壓製程版本)\r\n\r\nR-type ：R for Regular  (通常版) / 令和一年釀造\r\n\r\nS-type： S for superior (上級版) / 令和一年釀造\r\n\r\nX-type： X for excellent (豪華版) /令和一年釀造\r\n\r\n餐點搭配\r\n\r\n季節握壽司4貫\r\n廣島生蠔佐山柚\r\n干貝佐海膽松露\r\n炙燒雞肉串、牛五花瑪格莉特、肥蝦佐蟹膏\r\n芥子櫻桃鴨胸\r\n鯖魚釜燒蓋飯\r\n季節水果', 3980, '14-1.jpg', '可報名', '2022-04-14 19:00:00', '2022-01-03 16:20:04', '2022-01-03 16:20:04'),
(17, 2, '夏日清酒品飲會 – 當日本清酒遇上台式創意美食', '2022-05-01 17:00:00', '2022-05-01 19:10:00', '日本清酒與台式創意料理的相遇 這場清酒品飲會邀請到專業講師，帶著大家品飲五支嚴選酒款! 搭配容易取得的下酒菜-台式滷味加以變化，創造全新的日本酒餐酒搭配體驗!快來!跟我們一起探索日本酒世界吧!', '新竹市世界街47巷7號', '這場清酒品飲會邀請到專業講師，帶著大家品飲五支嚴選酒款!\r\n搭配容易取得的下酒菜-台式滷味加以變化，創造全新的日本酒餐酒搭配體驗!快來!跟我們一起探索日本酒世界吧!\r\n\r\n我們在品飲會中除了喝到美酒吃到美食外，也會學習到:\r\n1.認識百花齊放的日本酒世界\r\n2.搭餐不違和：『台式滷味x日本酒』餐搭\r\n3.如何尋找自己的日本酒\r\n4.看懂『酒標』非難事\r\n5.選購日本酒時的注意事項\r\n6.淺談日本酒的保存\r\n\r\n品飲主講人：Yvoone\r\n日本SSI國際唎酒師\r\n日本SSI國際燒酎唎酒師\r\n日本酒品質鑑定士\r\nCWC-Champagne Wine Connoisseur-Level 1\r\n熱愛美食、料理、品酒以及飲食文化研究 !\r\n粉絲頁: 午後七時的料理研究家\r\n\r\n特別來賓: Kenny\r\nSSI (Sake Service Institution) SSI 專屬Taster /酒匠/ 日本酒學講師/唎酒師/ 燒酒唎酒師\r\nWSET (Wine & Spirit Education Trust) Wines & Spirits L2 Sake L3\r\n新潟清酒達人檢定銀の達人\r\n酒藝商貿有限公司負責人\r\n台灣國際清酒協會學務長\r\nSSI International台灣支部支部長補佐\r\n日本酒造組合中央會委託亞洲地區燒酎支援辦公室負責人\r\n\r\n酒單:\r\n会津誉純米大吟釀\r\n想天坊外傳辛口純米生\r\n麒麟山黑瓶吟釀\r\n燦然特別純米雄町\r\n小鼓深山紫蘇\r\n\r\n突破清酒的搭食概念，以木人艸台式創意美食配日本好酒!!\r\n豬耳朵沙拉\r\n滷味雙拼\r\n牛肚丼飯\r\n清爽涼拌時蔬\r\n法式芥末豬蹄\r\n甜點', 2000, '15-1.jpg', '可報名', '2022-04-24 17:00:00', '2022-01-03 16:20:04', '2022-01-03 16:20:04'),
(18, 2, '「酒楽」清酒藝術品酒會', '2022-04-15 12:00:00', '2022-04-15 14:00:00', '藝術X清酒品酒會 藝術家漆器瓶身、銘水百選、一合一會系列 品飲總價超過12萬共13款酒', '台北市青田街12巷23號1樓 異雲書屋', '「酒楽」清酒藝術品酒會\r\n\r\n藝術家漆器瓶身、銘水百選、一合一會系列\r\n\r\n品飲總價超過$124,730共13款酒\r\n\r\n週六午後，在藝廊邊欣賞藝術品，邊喝著宛如藝術品般的清酒（總價值超過新台幣12萬），真是人生一大享受！\r\n\r\n是甚麼樣的清酒可稱得上藝術品？全都來自「酒楽」這個清酒品牌。\r\n\r\n「酒楽」企劃概念：\r\n\r\n希望可以做出人們每天想喝到的酒。並將藏元的釀酒的原點傳遞給全日本甚至全世界；並且將設計視為製酒過程的一環，使人人都能享受飲酒的快樂。\r\n\r\n現場品飲酒款：\r\n\r\nPart1：最高級蔵女系列「漆」\r\n\r\n最高等級的酒款，每瓶要價超過3萬元，以日本傳統的「漆」塗佈瓶身，而塗漆師是日本傳統工藝士、名古屋最具人氣的藝術家武藤久由。\r\n\r\n1-1 螺鈿＿Raden：asahi\r\n\r\n塗上漆之後，貼附螺鈿的工藝。螺鈿片的厚度大約是0.2mm。由於螺鈿周圍的厚度比螺鈿片更厚，因此又以黑漆薄塗過整個瓶身使之較為均勻。待漆料徹底硬化後進行所謂「呂色」的工序。「呂色」意指拋光漆器表面。首先磨去螺鈿上覆蓋的漆，此時漆器表面是受到摩擦後暫失光澤的狀態，然而隨著更換更細的磨石繼續打磨，又會重新產生亮澤感。最後反覆刷上生漆，賦予作品深邃的幽光。\r\n\r\n1-2 金屬漆＿Metallic：yamasaki\r\n\r\n待漆料硬化後再刷上生漆。在銀色的錫粉上疊刷帶有茶褐色的生漆，成品因而閃爍金色光輝。刻意以厚薄不均的方式使用錫粉，因此錫粉塗敷較厚的地方能夠吃住更多生漆，使成品的色調與質感富有變化。生漆也具有與透漆一樣，隨時間經過顏色會變淡、變透的特性，因此作品整體顯出色調明亮的風格。\r\n\r\n1-3 溜＿Tame：sawed\r\n\r\n以朱漆完成中間的塗刷後，再以透漆完成作品的工藝。由於透漆是具透明感的茶褐色，底下朱漆的顏色得以透出表面。並且，隨時間經過，透漆會漸趨明亮，這款作品即能使您享受欣賞瓶身顏色逐漸轉變的樂趣。\r\n\r\nPart2：藏元系列\r\n\r\n本系列集結平成銘水百選、岐阜銘水等，以水質聞名的東海道各家藏元作品。\r\n\r\n2-1\r\n\r\nTenryo Sparkling天領酒造氣泡酒\r\n\r\n平成銘水百選/waza微發泡・瓶內發酵酒\r\n\r\n2-2\r\n\r\nChiyogiku Sparkling千代菊氣泡酒\r\n\r\n銘水百選/waza微發泡・瓶內發酵酒\r\n\r\n2-3\r\n\r\nKomachi Junmai小町酒造純米酒\r\n\r\n銘水百選/yawara帶有酸度的ricewine\r\n\r\n2-4\r\n\r\nYamada Junmai藏元山田純米酒\r\n\r\n岐阜銘水/yawara帶有酸度的ricewine\r\n\r\n2-5\r\n\r\nSawada JunmaiDaiginjo澤田純米大吟釀\r\n\r\nPart3：一合一會系列（CUP SAKE）\r\n\r\n澤田 純米大吟釀\r\n\r\n澤田 純米吟釀\r\n\r\n澤田 純米酒\r\n\r\n澤田 本釀造\r\n\r\n澤田 普通酒', 1000, '16-1.jpg', '可報名', '2022-04-08 12:00:00', '2022-01-03 16:20:04', '2022-01-03 16:20:04');

-- --------------------------------------------------------

--
-- 資料表結構 `event_cat`
--

CREATE TABLE `event_cat` (
  `event_cat_id` int(1) NOT NULL COMMENT '1、2、3',
  `event_cat_name` varchar(20) NOT NULL COMMENT '餐酒會、品酒會、講座'
) ENGINE=InnoDB DEFAULT CHARSET=utf8mb4;

--
-- 傾印資料表的資料 `event_cat`
--

INSERT INTO `event_cat` (`event_cat_id`, `event_cat_name`) VALUES
(1, '餐酒會'),
(2, '品酒會'),
(3, '講座');

-- --------------------------------------------------------

--
-- 資料表結構 `favorite`
--

CREATE TABLE `favorite` (
  `fav_id` int(8) NOT NULL,
  `member_id` int(8) NOT NULL COMMENT 'FK：member.member_id',
  `pro_id` int(11) NOT NULL COMMENT 'FK:清酒.商品編號'
) ENGINE=InnoDB DEFAULT CHARSET=utf8mb4;

-- --------------------------------------------------------

--
-- 資料表結構 `guide_a`
--

CREATE TABLE `guide_a` (
  `a_no` int(8) NOT NULL,
  `q_id` int(8) NOT NULL,
  `a_item` varchar(60) NOT NULL
) ENGINE=InnoDB DEFAULT CHARSET=utf8mb4;

--
-- 傾印資料表的資料 `guide_a`
--

INSERT INTO `guide_a` (`a_no`, `q_id`, `a_item`) VALUES
(1, 1, '清爽'),
(2, 1, '豐富'),
(3, 1, '兩者皆可'),
(4, 2, '濃烈'),
(5, 2, '適中'),
(6, 2, '兩者皆可'),
(7, 3, '甜'),
(8, 3, '酸'),
(9, 3, '兩者皆可'),
(10, 4, '1000元以內'),
(11, 4, '1000元 - 2000元'),
(12, 4, '2000元 - 3000元'),
(13, 4, '無上限'),
(14, 5, '送禮'),
(15, 5, '自飲'),
(16, 6, '冷藏飲用'),
(17, 6, '隔水加熱飲用'),
(18, 6, '常溫飲用'),
(19, 6, '無所謂'),
(20, 7, '心情特別好'),
(21, 7, '心情還不錯'),
(22, 7, '心情有點差'),
(23, 7, '心情惡劣'),
(24, 8, '晴天'),
(25, 8, '雨天'),
(26, 8, '兩者都喜歡'),
(27, 8, '沒有特別偏好'),
(28, 9, '火象星座（牡羊、獅子、射手）'),
(29, 9, '水象星座（巨蟹、天蠍、雙魚）'),
(30, 9, '土象星座（金牛、處女、魔羯）'),
(31, 9, '風象星座（雙子、天秤、水瓶）');

-- --------------------------------------------------------

--
-- 資料表結構 `guide_clia`
--

CREATE TABLE `guide_clia` (
  `cli_id` int(8) NOT NULL,
  `q_id` int(8) NOT NULL,
  `a_no` int(8) NOT NULL,
  `a_date` datetime NOT NULL DEFAULT current_timestamp()
) ENGINE=InnoDB DEFAULT CHARSET=utf8mb4;

-- --------------------------------------------------------

--
-- 資料表結構 `guide_q`
--

CREATE TABLE `guide_q` (
  `q_id` int(8) NOT NULL,
  `q_cate` varchar(10) NOT NULL,
  `q_seq` int(8) NOT NULL,
  `q_des` varchar(255) NOT NULL
) ENGINE=InnoDB DEFAULT CHARSET=utf8mb4;

--
-- 傾印資料表的資料 `guide_q`
--

INSERT INTO `guide_q` (`q_id`, `q_cate`, `q_seq`, `q_des`) VALUES
(1, 'a', 1, '您喜歡口感清爽的清酒，還是有豐富層次口感的清酒呢？'),
(2, 'a', 2, '您喜歡聞起來香氣濃烈的清酒，還是香氣適中的清酒？'),
(3, 'a', 3, '您喜歡口味較甜還是帶有些許酸味的清酒？'),
(4, 'c', 4, '預算範圍'),
(5, 'a', 5, '您購買清酒是要送禮還是自飲呢？'),
(6, 'a', 6, '您希望品嚐的方式為？'),
(7, 'b', 1, '您今天的心情如何呢？'),
(8, 'b', 2, '您喜歡晴天還是雨天？'),
(9, 'b', 3, '請問您是什麼星座？');

-- --------------------------------------------------------

--
-- 資料表結構 `mark`
--

CREATE TABLE `mark` (
  `mark_id` int(11) NOT NULL,
  `member_id` int(11) NOT NULL,
  `pics` varchar(255) NOT NULL,
  `create_at` datetime NOT NULL DEFAULT current_timestamp() COMMENT '自然產生'
) ENGINE=InnoDB DEFAULT CHARSET=utf8mb4;

-- --------------------------------------------------------

--
-- 資料表結構 `member`
--

CREATE TABLE `member` (
  `member_id` int(11) NOT NULL,
  `user_id` int(11) NOT NULL,
  `member_name` varchar(100) NOT NULL,
  `member_bir` date NOT NULL,
  `member_mob` varchar(50) NOT NULL,
  `member_addr` varchar(100) NOT NULL,
  `member_level` varchar(20) NOT NULL
) ENGINE=InnoDB DEFAULT CHARSET=utf8mb4;

--
-- 傾印資料表的資料 `member`
--

INSERT INTO `member` (`member_id`, `user_id`, `member_name`, `member_bir`, `member_mob`, `member_addr`, `member_level`) VALUES
(1, 1, 'Daniel', '1994-01-06', '0977777121', '台北市士林區天母東路105巷3號3樓', ''),
(2, 2, 'Randy', '1991-07-08', '0933033011', '台北市中山區敬業三路56號8樓', ''),
(3, 3, 'Willy', '1983-08-12', '0911033022', '台北市內湖區港墘路89號', ''),
(4, 4, 'Ann', '1997-03-12', '0940442232', '台北市士林區中山北路六段77號', ''),
(5, 5, 'Frank', '1993-03-04', '0933033011', '台北市北投區同德街55號', ''),
(6, 6, 'Sam', '1992-01-09', '0970886668', '台北市大同區承德路三段43號', '');

-- --------------------------------------------------------

--
-- 資料表結構 `menu_pictures`
--

CREATE TABLE `menu_pictures` (
  `menu_pic_id` int(11) NOT NULL,
  `menu_pic_name` varchar(50) NOT NULL,
  `res_id` int(11) NOT NULL COMMENT 'FK：restaurant.res_id'
) ENGINE=InnoDB DEFAULT CHARSET=utf8mb4;

--
-- 傾印資料表的資料 `menu_pictures`
--

INSERT INTO `menu_pictures` (`menu_pic_id`, `menu_pic_name`, `res_id`) VALUES
(1, '1-1.png', 1),
(2, '1-2.png', 1),
(3, '1-3.png', 1),
(4, '1-4.png', 1),
(5, '2-1.png', 2),
(6, '2-2.png', 2),
(7, '2-3.png', 2),
(8, '2-4.png', 2),
(9, '2-5.png', 2),
(10, '2-6.png', 2),
(11, '3-1.jpg', 3),
(12, '3-2.jpg', 3),
(13, '4-1.png', 4),
(14, '4-2.png', 4),
(15, '5-1.jpg', 5),
(16, '5-2.jpg', 5),
(17, '5-3.jpg', 5),
(18, '6-1.jpg', 6),
(19, '6-2.jpg', 6),
(20, '7-1.jpg', 7),
(21, '7-2.jpg', 7),
(22, '7-3.jpg', 7),
(23, '8-1.jpg', 8),
(24, '8-2.jpg', 8),
(25, '9-1.jpg', 9),
(26, '9-2.jpg', 9),
(27, '9-3.jpg', 9),
(28, '10-1.jpg', 10),
(29, '10-2.jpg', 10),
(30, '10-3.jpg', 10),
(31, '11-1.jpg', 11),
(32, '11-2.jpg', 11),
(33, '11-3.jpg', 11),
(34, '12-1.jpeg', 12),
(35, '12-2.jpeg', 12),
(36, '12-3.webp', 12);

-- --------------------------------------------------------

--
-- 資料表結構 `news`
--

CREATE TABLE `news` (
  `news_id` int(11) NOT NULL,
  `title` varchar(100) NOT NULL,
  `content` varchar(9999) NOT NULL COMMENT '存HTML?',
  `cover_pic` varchar(255) NOT NULL,
  `pics` varchar(255) NOT NULL,
  `create_at` datetime NOT NULL DEFAULT current_timestamp(),
  `modified_at` datetime NOT NULL DEFAULT current_timestamp()
) ENGINE=InnoDB DEFAULT CHARSET=utf8mb4;

--
-- 傾印資料表的資料 `news`
--

INSERT INTO `news` (`news_id`, `title`, `content`, `cover_pic`, `pics`, `create_at`, `modified_at`) VALUES
(1, '虎年最有「禮」，新年送禮限量折扣', '又到了歲末年終表達心意的時節，從年節限定、華麗包裝、超值贈品，甚至還有箱購優惠，絕對能滿足你無論是歲末宴會、年終尾牙，抑或是饋贈重要客戶、長官、長輩的需求。不知道要買什麼酒，來禾酒林就對了！現在只要輸入2022NEWYEAR即可獲得9折優惠。', '1-1.jpg', '1-1.jpg', '2022-01-04 09:05:28', '2022-01-04 09:05:28'),
(2, '日本最初『台灣限定日本酒』誕生了！', '懷著為台灣人味蕾量身打造清酒與推廣日本酒文化的野望！由『吉日媒體集團』社長吉田皓一到奈良親手釀製的『これあらた 維新』本月正式上市了！『これあらた 維新』帶有濃郁果香，口感爽喉輕快，適合5度冰飲，全程以最高規格冷藏保存送達台灣，搭配台灣各式料理或者作為主角品飲也是非常合適，覺得自己不喜歡日本酒嗎？對日本酒有不好的印象嗎？還是想挑戰「為台灣人量身打造的日本酒」可以手刀到MiCHi café試飲看看『これあらた 維新』。首發期間(~5/7)還有優惠特別價格喔！', '2-1.jpg', '2-1.jpg', '2022-01-04 09:10:11', '2022-01-04 09:10:11'),
(3, '2022年四月份月配酒發表！', '本月的月配酒是真澄 純米大吟釀 夢殿。真澄是從江戶時代(1603~1867)後期開始使用的品牌名，名字源於保存諏訪大社上社中的寶物”真澄之鏡”，創始至今已350年有餘。此酒可為真澄純米系列的最高峰作品，每年代表富士見藏參加全國清酒品評會的評選。口味極具層次，並帶有清新的果香。只要成為會員，訂購訂閱服務，這瓶廣受歡迎、優雅甘口清酒就會送到你家。', '3-1.jpg', '3-1.jpg', '2022-01-04 09:10:11', '2022-01-04 09:10:11'),
(4, '2021　台中國際酒展 購票資訊', '由外貿協會與展昭共同主辦的「台中國際茶、咖啡暨烘焙展」及「台中國際酒展」，12月24日至27日一連四天於臺中國際展覽館展出。多家酒商預計展出多款展場限定販售的酒款，即無台中地區實體通路販售的品項。\r\n展出日期：12月24日至27日10:00-18:00\r\n展出地點：台中國際展覽館\r\n展覽票價：全票 NT$50／張\r\n可於展覽現場【售票處】購買門票，並完成實聯登錄，即可入場。', '4-1.jpg', '4-1.jpg', '2022-01-04 09:11:24', '2022-01-04 09:11:24'),
(5, '「2021 解憂綠洲 OASIS」餐酒展早鳥票開賣！', '邀請您前來「解憂綠洲」拋開煩憂，來場舒壓放鬆的夢幻假期。\r\n風格美食指南團隊Eatpire再次推出餐飲盛事「2021 解憂綠洲OASIS」，號稱2021年末最盛大的餐酒展，在台北市信義區限時登場，集結全台超過80家餐廳酒吧、與相關產業品牌，讓吃貨們在聖誕節前一饗「餐與酒」的極致魅力。\r\n時間：12/17 - 19（五 - 日）\r\n地點：台北新光三越 A11 信義新天地 六樓（信義區松壽路 11 號）\r\n購票網址：https://bit.ly/3peuodc', '5-1.jpg', '5-1.jpg', '2022-01-04 09:11:24', '2022-01-04 09:11:24'),
(6, '台灣菸酒限量推出台灣第一款花酵母吟釀清酒山櫻花', '2021年台灣菸酒公司桃園酒廠限量推出台灣第一款花酵母吟釀清酒山櫻花，好評如潮，不久即被搶購一空，她獨特細緻的香氣，令許多愛酒人士驚豔不已。為了讓廣大朋友能更便利入手花酵母清酒，桃園酒廠持續以山櫻花酵母開發新一代清酒，歷時一年多，終於推出果香迷人的「花。自慢清酒」，勢必再度驚艷四方，讓喜愛清酒的朋友們能有機會品嚐到具有濃濃台灣風土特色的地酒。', '6-1.jpg', '6-1.jpg', '2022-01-04 09:11:58', '2022-01-04 09:11:58');

-- --------------------------------------------------------

--
-- 資料表結構 `order_event_d`
--

CREATE TABLE `order_event_d` (
  `order_d_id` varchar(14) NOT NULL COMMENT '日期＋當天編號三碼＋e＋編號 ex:20210401e00101\r\n自訂格式不勾選A_I',
  `order_id` int(11) NOT NULL COMMENT 'FK：order_m.order_id',
  `event_id` int(4) NOT NULL COMMENT 'FK：event.event_id',
  `order_name` varchar(225) NOT NULL,
  `order_mobile` varchar(20) NOT NULL,
  `order_email` varchar(225) NOT NULL,
  `order_d_price` int(10) NOT NULL COMMENT 'FK：event.event_cost',
  `order_state` varchar(10) NOT NULL COMMENT '即將到來、已結束、已取消'
) ENGINE=InnoDB DEFAULT CHARSET=utf8mb4;

-- --------------------------------------------------------

--
-- 資料表結構 `order_gift_d`
--

CREATE TABLE `order_gift_d` (
  `order_g_id` int(14) NOT NULL,
  `order_id` int(11) NOT NULL,
  `order_quantity` int(2) NOT NULL,
  `order_name` varchar(225) NOT NULL,
  `order_mobile` varchar(20) NOT NULL,
  `order_email` varchar(225) NOT NULL,
  `order_d_price` int(10) NOT NULL,
  `order_state` varchar(10) NOT NULL,
  `gift_id` int(11) NOT NULL,
  `box_color` varchar(10) NOT NULL
) ENGINE=InnoDB DEFAULT CHARSET=utf8mb4;

-- --------------------------------------------------------

--
-- 資料表結構 `order_gift_d_d`
--

CREATE TABLE `order_gift_d_d` (
  `order_g_pro_id` int(14) NOT NULL,
  `order_g_id` int(14) NOT NULL,
  `pro_id` int(4) NOT NULL
) ENGINE=InnoDB DEFAULT CHARSET=utf8mb4;

-- --------------------------------------------------------

--
-- 資料表結構 `order_main`
--

CREATE TABLE `order_main` (
  `order_id` int(11) NOT NULL COMMENT '日期＋當天編號三碼 ex:20210401001\r\n自訂格式不勾選A_I',
  `member_id` int(11) NOT NULL COMMENT 'FK：member.member_id',
  `type` varchar(1) NOT NULL COMMENT 'S(sake), E(event), B(subscribe)',
  `used_code` varchar(10) NOT NULL COMMENT 'FK:discount.discount_code',
  `order_date` datetime NOT NULL DEFAULT current_timestamp() COMMENT '自然產生'
) ENGINE=InnoDB DEFAULT CHARSET=utf8mb4;

-- --------------------------------------------------------

--
-- 資料表結構 `order_mark`
--

CREATE TABLE `order_mark` (
  `order_mark_id` int(11) NOT NULL,
  `mark_id` int(11) NOT NULL,
  `order_d_id` varchar(14) NOT NULL COMMENT '酒標價錢，前端技術處理'
) ENGINE=InnoDB DEFAULT CHARSET=utf8mb4;

-- --------------------------------------------------------

--
-- 資料表結構 `order_sake_d`
--

CREATE TABLE `order_sake_d` (
  `order_d_id` varchar(14) NOT NULL COMMENT '日期＋當天編號三碼＋s＋編號 ex:20210401s00101\r\n自定義名稱不勾選A_I',
  `order_id` int(11) NOT NULL COMMENT 'FK：order_m.order_id',
  `pro_id` int(11) NOT NULL COMMENT 'FK:清酒.商品編號',
  `order_quantity` int(2) NOT NULL,
  `order_name` int(225) NOT NULL,
  `order_mobile` varchar(20) NOT NULL,
  `order_email` varchar(225) NOT NULL,
  `order_d_price` int(10) NOT NULL COMMENT '撈清酒.價格*數量',
  `order_state` varchar(10) NOT NULL COMMENT '待出貨、已出貨、已取消'
) ENGINE=InnoDB DEFAULT CHARSET=utf8mb4;

-- --------------------------------------------------------

--
-- 資料表結構 `order_sub_d`
--

CREATE TABLE `order_sub_d` (
  `order_d_id` varchar(14) NOT NULL COMMENT '日期＋當天編號三碼＋b＋編號ex:20210401b00101\r\n自訂名稱不勾選A_I',
  `order_id` int(11) NOT NULL COMMENT 'FK：order_m.order_id',
  `sub_id` int(5) NOT NULL,
  `subtime_id` int(11) NOT NULL,
  `order_mobile` varchar(20) NOT NULL,
  `order_email` varchar(225) NOT NULL,
  `order_d_price` int(10) NOT NULL COMMENT '撈訂閱方案.價格 * 訂閱週期.月數*訂閱週期.折扣',
  `order_state` varchar(10) NOT NULL COMMENT '進行中、已結束'
) ENGINE=InnoDB DEFAULT CHARSET=utf8mb4;

-- --------------------------------------------------------

--
-- 資料表結構 `payment_detail`
--

CREATE TABLE `payment_detail` (
  `payment_detail_id` int(11) NOT NULL,
  `order_id` int(11) NOT NULL COMMENT 'FK: order_main.order_id\r\nex:20210401001',
  `card_num` int(16) NOT NULL,
  `security_code` int(3) NOT NULL,
  `expire_date` int(4) NOT NULL
) ENGINE=InnoDB DEFAULT CHARSET=utf8mb4;

-- --------------------------------------------------------

--
-- 資料表結構 `product_container`
--

CREATE TABLE `product_container` (
  `container_id` int(11) NOT NULL,
  `container_img` varchar(255) NOT NULL,
  `container_shadow` varchar(255) NOT NULL,
  `container_name` varchar(255) NOT NULL
) ENGINE=InnoDB DEFAULT CHARSET=utf8mb4;

--
-- 傾印資料表的資料 `product_container`
--

INSERT INTO `product_container` (`container_id`, `container_img`, `container_shadow`, `container_name`) VALUES
(1, '4-o.jpg', '4-s.jpg', '陶器酒壺和清酒杯組'),
(2, '3-o.jpg', '3-s.jpg', '津輕金箔玻璃清酒杯'),
(3, '1-o.png', '1-s.jpg', '純錫製清酒瓶和木造清酒杯的套組'),
(4, '2-o.png', '2-s.jpg', '純錫豬口杯'),
(5, 'Null', 'Null', 'Null');

-- --------------------------------------------------------

--
-- 資料表結構 `product_format`
--

CREATE TABLE `product_format` (
  `format_id` int(11) NOT NULL COMMENT 'ex:1234',
  `pro_price` int(8) NOT NULL COMMENT 'ex:2,000',
  `pro_capacity` int(8) NOT NULL COMMENT 'ex:720ml',
  `pro_loca` varchar(20) NOT NULL COMMENT '山形縣',
  `pro_level` varchar(10) NOT NULL COMMENT '純米大吟釀',
  `pro_brand` varchar(20) NOT NULL,
  `pro_essence` int(5) NOT NULL COMMENT '40%',
  `pro_alco` int(5) NOT NULL,
  `pro_marker` varchar(50) NOT NULL,
  `rice` varchar(50) NOT NULL COMMENT '雄町',
  `pro-taste` varchar(100) NOT NULL COMMENT '厚薄、酸甜、辛口',
  `pro-temp` varchar(100) NOT NULL COMMENT '冷藏',
  `pro_gift` int(5) NOT NULL,
  `pro_mark` tinyint(1) NOT NULL,
  `container_id` int(11) NOT NULL COMMENT '1+1禮盒酒器要從規格表去拿'
) ENGINE=InnoDB DEFAULT CHARSET=utf8mb4;

--
-- 傾印資料表的資料 `product_format`
--

INSERT INTO `product_format` (`format_id`, `pro_price`, `pro_capacity`, `pro_loca`, `pro_level`, `pro_brand`, `pro_essence`, `pro_alco`, `pro_marker`, `rice`, `pro-taste`, `pro-temp`, `pro_gift`, `pro_mark`, `container_id`) VALUES
(1, 1880, 720, '奈良縣', '純米大吟釀', '篠峯', 50, 16, '千代酒造', '雄町', '輕盈中口', '冷酒常溫', 0, 0, 5),
(2, 2080, 720, '山形縣', '純米大吟釀', '榮光富士', 50, 17, '冨士酒造', '美山錦', '適中甘口', '冷酒常溫燗酒', 0, 0, 5),
(3, 1280, 720, '滋賀縣', '純米酒', '喜樂長', 65, 16, '喜多酒造', '吟吹雪 山田錦', '輕盈甘口', '常溫燗酒', 0, 0, 5),
(4, 1640, 720, '京都府', '純米吟釀', '白木久', 55, 16, '白杉酒造', '越光米', '輕盈甘口', '冷酒', 0, 1, 5),
(5, 2020, 720, '福井縣', '純米大吟釀', '鳳凰源平', 48, 17, '源平酒造', '山田錦', '適中甘口', '冷酒', 0, 1, 5),
(6, 1680, 720, '長野縣', '純米大吟釀', '真澄', 40, 15, '宮坂酒造', '山田錦', '適中 辛口 偏甜', '常溫 燗酒', 0, 1, 5),
(7, 2080, 720, '兵庫縣', '純米大吟釀', '真澄', 45, 16, '宮坂酒造', '美山錦', '輕盈 甘口 偏酸', '燗酒', 0, 1, 5),
(8, 1280, 720, '長野縣', '純米大吟釀', '真澄', 45, 16, '宮坂酒造', '山田錦', '輕盈 甘口 偏甜', '冷酒', 2, 0, 5),
(9, 1680, 720, '長野縣', '純米吟釀', '真澄', 55, 15, '宮坂酒造', '美山錦 山田錦山惠錦', '適中 甘口 偏酸', '冷酒 常溫', 0, 1, 5),
(10, 2080, 720, '長野縣', '純米酒', '真澄', 70, 15, '宮坂酒造', '美山錦HITOGOKOCHI', '適中 甘口 偏甜', '冷酒 常溫 燗酒', 0, 1, 5),
(11, 1780, 720, '長野縣', '純米吟釀', '真澄', 55, 12, '宮坂酒造', '山惠錦HITOGOKOCHI', '輕盈 辛口 偏酸', '常溫 燗酒', 0, 0, 5),
(12, 780, 720, '長野縣', '本釀造', '真澄', 60, 15, '宮坂酒造', '美山錦', '輕盈 辛口 偏甜', '燗酒', 0, 0, 5),
(13, 2680, 720, '福島縣', '純米大吟釀', '會津譽', 39, 16, '會津譽酒造', '山田錦 五百萬石', '適中 辛口 偏酸', '冷酒', 1, 0, 5),
(14, 2080, 720, '群馬縣', '純米大吟釀', '水芭蕉', 50, 16, '永井酒造', '山田錦', '適中 辛口 偏甜', '冷酒 常溫', 3, 0, 1),
(15, 1280, 720, '群馬縣', '純米大吟釀', '水芭蕉', 50, 16, '永井酒造', '山田錦', '輕盈 甘口 偏酸', '冷酒 常溫 燗酒', 3, 0, 1),
(16, 1680, 720, '福島縣', '純米大吟釀', '會津譽', 40, 16, '會津譽酒造', '山田錦', '輕盈 甘口 偏甜', '常溫 燗酒', 1, 0, 5),
(17, 880, 720, '高知縣', '純米酒', '文佳人', 55, 16, '有澤酒造', '未公開', '適中 甘口 偏酸', '燗酒', 2, 0, 5),
(18, 3780, 720, '高知縣', '純米吟釀', '文佳人', 50, 17, '有澤酒造', '未公開', '適中 甘口 偏甜', '冷酒', 2, 0, 5),
(19, 380, 180, '廣島縣', '吟釀', '誠鏡/幻', 58, 16, '中尾釀造', '新千本', '適中 辛口 偏酸', '常溫 燗酒', 0, 0, 5),
(20, 980, 720, '新潟縣', '吟釀', '久保田', 55, 15, '朝日酒造', '五百萬石', '適中 辛口 偏甜', '燗酒', 0, 0, 5),
(21, 380, 300, '福岡縣', '本釀造', '喜多屋', 70, 14, '喜多屋', '福岡縣產米', '輕盈 甘口 偏酸', '冷酒', 3, 0, 2),
(22, 1380, 720, '福岡縣', '本釀造', '庭之鶯', 68, 15, '山口酒造', '山田錦 夢一獻', '輕盈 甘口 偏甜', '冷酒 常溫', 0, 0, 5),
(23, 1980, 720, '長野縣', '純米吟釀', '真澄', 55, 15, '宮坂酒造', '美山錦 人心地', '適中 甘口 偏酸', '冷酒 常溫 燗酒', 2, 0, 5),
(24, 1880, 720, '長野縣', '純米吟釀', '真澄', 55, 15, '宮坂酒造', '美山錦 山田錦', '適中 甘口 偏甜', '常溫 燗酒', 2, 0, 5),
(25, 1380, 720, '長野縣', '純米吟釀', '真澄', 55, 12, '宮坂酒造', '美山錦 人心地', '輕盈 辛口 偏酸', '燗酒', 2, 0, 5),
(26, 1580, 720, '宮城縣', '大吟釀', '澤乃井', 35, 17, '', '山田錦', '輕盈 辛口 偏甜', '冷酒', 1, 0, 5),
(27, 880, 720, '兵庫縣', '大吟釀', '小西酒造', 50, 16, '小西酒造', '山田錦', '適中 辛口 偏酸', '冷酒 常溫', 0, 0, 5),
(28, 1580, 720, '宮城縣', '大吟釀', '天上夢幻', 40, 16, '中勇酒造', '山田錦', '適中 辛口 偏甜', '冷酒 常溫 燗酒', 0, 0, 5),
(29, 880, 720, '兵庫縣', '大吟釀', '小西酒造', 50, 16, '小西酒造', '山田錦', '輕盈 甘口 偏酸', '常溫 燗酒', 0, 0, 5),
(30, 780, 720, '兵庫縣', '大吟釀', '白鶴', 50, 16, '白鶴酒造', '山田錦 日本晴', '輕盈 甘口 偏甜', '燗酒', 1, 0, 5),
(31, 780, 720, '兵庫縣', '大吟釀', '大關', 50, 15, '大関株式會社', '未標示', '適中 甘口 偏酸', '冷酒', 0, 0, 5),
(32, 480, 720, '愛知縣', '純米酒', '金虎', 60, 15, '金虎酒造', '一般米', '適中 甘口 偏甜', '冷酒 常溫', 0, 0, 5),
(33, 1280, 720, '愛知縣', '純米大吟釀', '金虎', 40, 15, '金虎酒造', '山田錦', '輕盈 辛口 偏酸', '冷酒 常溫 燗酒', 1, 0, 5),
(34, 12800, 720, '山形縣', '大吟釀', '十四代', 35, 16, '高木酒造', '山田錦', '輕盈 辛口 偏甜', '常溫 燗酒', 3, 0, 3),
(35, 880, 720, '奈良縣', '純米酒', '鷹長', 70, 15, '油長酒造', '奈良米', '適中 辛口 偏酸', '燗酒', 0, 0, 5),
(36, 3180, 1800, '福島縣', '本釀造', '十四代', 60, 15, '高木酒造', '美山錦', '適中 辛口 偏甜', '冷酒', 0, 0, 5),
(37, 880, 720, '奈良縣', '純米酒', '風之森', 70, 15, '油長酒造', '奈良米', '輕盈 甘口 偏酸', '冷酒 常溫', 0, 0, 5),
(38, 1280, 720, '新潟縣', '大吟釀', '越後櫻', 50, 15, '越後櫻酒造', '山田錦', '輕盈 甘口 偏甜', '冷酒 常溫 燗酒', 0, 0, 5),
(39, 880, 720, '秋田縣', '純米酒', 'Private Lab', 60, 13, '新政酒造', '小町', '適中 甘口 偏酸', '常溫 燗酒', 0, 0, 5),
(40, 1180, 720, '群馬縣', '吟釀', '龍神', 60, 17, '龍神酒造', '未公開', '適中 甘口 偏甜', '燗酒', 1, 0, 5),
(41, 780, 750, '三重縣', '純米酒', '作', 65, 15, '清水清三郎商店', '未標示', '輕盈 辛口 偏酸', '冷酒', 0, 0, 5),
(42, 1380, 720, '新潟縣', '吟釀', '青木酒造', 60, 16, '青木酒造', '越淡麗', '輕盈 辛口 偏甜', '冷酒 常溫', 3, 0, 4),
(43, 780, 750, '三重縣', '純米酒', '作', 65, 15, '清水清三郎商店', '未標示', '適中 辛口 偏酸', '冷酒 常溫 燗酒', 0, 0, 5),
(44, 1180, 720, '佐賀縣', '純米大吟釀', '鍋島', 45, 16, '富久千代酒造', '山田錦', '適中 辛口 偏甜', '常溫 燗酒', 0, 0, 5),
(45, 1380, 720, '德島縣', '吟釀', '本家松浦酒造', 58, 19, '本家松浦酒造', '山田錦', '輕盈 甘口 偏酸', '燗酒', 0, 0, 5),
(46, 780, 720, '山形縣', '純米吟釀', '花邑', 50, 15, 'くどき上手', '山田錦 美山錦', '輕盈 甘口 偏甜', '冷酒', 0, 0, 5),
(47, 680, 300, '新潟縣', '吟釀', '加茂錦酒造', 60, 15, '加茂錦酒造', '山田錦', '適中 甘口 偏酸', '冷酒 常溫', 0, 0, 5),
(48, 580, 720, '富山縣', '純米吟釀', '滿壽泉', 58, 15, '桝田酒造店', '山田錦', '適中 甘口 偏甜', '冷酒 常溫 燗酒', 0, 0, 5),
(49, 2180, 720, '群馬縣', '純米大吟釀', '龍神', 39, 16, '未公開', '山田錦', '輕盈 辛口 偏酸', '常溫 燗酒', 0, 0, 5),
(50, 1380, 720, '長野縣', '吟釀', '大雪溪酒造', 55, 15, '大雪溪酒造', '美山錦', '輕盈 辛口 偏甜', '燗酒', 0, 0, 5),
(51, 1380, 720, '岐阜縣', '吟釀', '奧飛驒酒造', 60, 14, '奧飛驒酒造', 'ひだほまれ', '適中 辛口 偏酸', '冷酒', 0, 0, 5),
(52, 780, 720, '青森縣', '純米吟釀', '陸奥八仙', 55, 16, '八戸酒造', '青森縣産米', '適中 辛口 偏甜', '冷酒 常溫', 0, 0, 5),
(53, 1980, 1800, '宮城縣', '本釀造', '墨迺江', 60, 15, '墨廼江酒造', '五百萬石', '輕盈 甘口 偏酸', '冷酒 常溫 燗酒', 0, 0, 5),
(54, 880, 720, '山梨縣', '本釀造', '七賢', 70, 16, '七賢酒造', '人心地、朝日の夢', '輕盈 甘口 偏甜', '常溫 燗酒', 0, 0, 5),
(55, 980, 720, '新潟縣', '本釀造', '八海山', 60, 16, '八海山酒造', '五百萬石', '適中 甘口 偏酸', '燗酒', 3, 0, 4),
(56, 1280, 720, '廣島縣', '本釀造', '賀茂鶴', 60, 15, '賀茂鶴酒造', '八反錦', '適中 甘口 偏甜', '冷酒', 0, 0, 5),
(57, 1280, 1800, '秋田縣', '本釀造', '天壽', 70, 15, '天壽酒造', '秋田縣產米', '輕盈 辛口 偏酸', '冷酒 常溫', 0, 0, 5),
(58, 14800, 1800, '山形縣', '本釀造', '十四代', 60, 15, '高木酒造', '五百萬石', '輕盈 辛口 偏甜', '冷酒 常溫 燗酒', 0, 0, 5);

-- --------------------------------------------------------

--
-- 資料表結構 `product_gift`
--

CREATE TABLE `product_gift` (
  `gift_id` int(11) NOT NULL,
  `pro_gift` int(5) NOT NULL COMMENT '無、1入、2入、1+1',
  `gift_name` varchar(20) NOT NULL
) ENGINE=InnoDB DEFAULT CHARSET=utf8mb4;

--
-- 傾印資料表的資料 `product_gift`
--

INSERT INTO `product_gift` (`gift_id`, `pro_gift`, `gift_name`) VALUES
(1, 0, '無'),
(2, 1, '1入'),
(3, 2, '2入'),
(4, 3, '1+1');

-- --------------------------------------------------------

--
-- 資料表結構 `product_gift_d`
--

CREATE TABLE `product_gift_d` (
  `gift_d_id` int(11) NOT NULL,
  `gift_id` int(11) NOT NULL COMMENT '1,1,2,2,3,3,',
  `gift_img` varchar(255) NOT NULL,
  `box_color` varchar(10) NOT NULL COMMENT 'b+0000',
  `gift_pro` varchar(50) NOT NULL
) ENGINE=InnoDB DEFAULT CHARSET=utf8mb4;

--
-- 傾印資料表的資料 `product_gift_d`
--

INSERT INTO `product_gift_d` (`gift_d_id`, `gift_id`, `gift_img`, `box_color`, `gift_pro`) VALUES
(1, 2, 'black-1.jpg', 'black', '13+16+26+30+33+40'),
(2, 2, 'gold-1.jpg', 'gold', '13+16+26+30+33+40'),
(3, 2, 'white-1.jpg', 'white', '13+16+26+30+33+40'),
(4, 3, 'black-2.jpg', 'black', '8+17+18+23+24+25'),
(5, 3, 'gold-2.jpg', 'gold', '8+17+18+23+24+25'),
(6, 3, 'white-2.jpg', 'white', '8+17+18+23+24+25'),
(7, 4, 'black-2.jpg', 'black', '14+15+21+34+42+55'),
(8, 4, 'gold-2.jpg', 'gold', '14+15+21+34+42+55'),
(9, 4, 'white-2.jpg', 'white', '14+15+21+34+42+55');

-- --------------------------------------------------------

--
-- 資料表結構 `product_sake`
--

CREATE TABLE `product_sake` (
  `pro_id` int(11) NOT NULL,
  `pro_name` varchar(50) NOT NULL COMMENT '純米大吟釀　夢殿',
  `pro_stock` int(11) NOT NULL,
  `pro_selling` int(11) NOT NULL COMMENT '篩選用，用++的方式',
  `pro_intro` varchar(700) NOT NULL,
  `pro_condition` varchar(10) NOT NULL COMMENT '補貨中',
  `format_id` int(11) NOT NULL,
  `pro_img` varchar(255) NOT NULL,
  `pro_creat_time` datetime DEFAULT NULL COMMENT '自然產生',
  `pro_unsell_time` datetime DEFAULT NULL COMMENT '自然產生'
) ENGINE=InnoDB DEFAULT CHARSET=utf8mb4;

--
-- 傾印資料表的資料 `product_sake`
--

INSERT INTO `product_sake` (`pro_id`, `pro_name`, `pro_stock`, `pro_selling`, `pro_intro`, `pro_condition`, `format_id`, `pro_img`, `pro_creat_time`, `pro_unsell_time`) VALUES
(1, '篠峯 雄町純米大吟釀', 10, 0, '回購率極高！千代酒造頂級酒款，雄町愛好者不可錯過的一品使用岡山縣赤磐產的雄町，明利酵母與九號酵母雙酵母，研磨至50%取其中段的精華，截取香味最穩定的中取，以生酒的姿態装瓶的纯米大吟釀。開瓶可以感受到甜甜的果香，入口的溫柔酒感帶出迷人的香味，滑入喉嚨後留下甜美溫柔高雅的餘韻，整體輕快又圓潤，由明利酵母與九號酵母釀製而成，混合雄町特有的香氣。清澈輕盈的風味還可以感受到微硬水的微微碳酸感，回購率極高好喝的一品！', '已上架', 1, 'M0001.png', '2022-01-03 18:12:01', '2022-01-03 18:12:01'),
(2, '榮光富士 純米大吟釀 黒狐', 10, 0, '超人氣黑狐入荷 自古以來黑狐與白狐是獲得日月精華與多年修行之後幻化成的妖狐，雖然長得有一點點可怕，其實是帶來吉兆的『瑞獸』，特別是黑狐，被認為是北斗七星的化身也是和平的象徵，太平盛世才會出現的黑狐，在大家喜慶的宴席時陪伴，一起度過和平的一年。採用長野縣產的美山錦，激發出美山錦的魅力，溫柔的口感與美味再進化，充滿果實感與多汁的優雅美味，美山錦的鮮甜美味與廣泛的搭餐性都令人印象深刻。', '已上架', 2, 'M0002.png', '2022-01-03 18:12:02', '2022-01-03 18:12:02'),
(3, '★喜樂長FIGHT！台湾！純米 應援酒', 10, 0, '如同夏季吹過琵琶湖面涼爽的風、表現爽快又舒服的一款酒。微微柑橘類與香草系的香氣撲鼻、飲入口中，輕巧地滲透心脾，能品嘗到些許的甜味與輕快的酸味滑過舌面，尾韻帶有爽快dry感。顺滑清澈的美味隨之而來是，水嫩的酸味伴隨著清涼感，冰飲的消暑伴隨清澈香氣和溫柔的甜味在口中滿溢。', '已上架', 3, 'M0003.png', '2022-01-03 18:12:03', '2022-01-03 18:12:03'),
(4, '白木久BLACK LABEL Brilliant 純米吟釀', 10, 0, 'BLACK LABEL系列採用黑麴釀造!優雅美麗的甜味和酸味，直覺會以為黑麴釀製出的酒會特別酸，但其實BLACK LABEL系列所強調的風格比起酸度更強調酒米的旨味與香氣的力度，甜味較vibrant更加清爽入口彷彿吃下現摘草莓般的味道，散發出多汁的甜味和酸味，細膩的微發泡感，更讓整體喝起來甜而不膩，非常清爽好入口。', '已上架', 4, 'M0004.png', '2022-01-03 18:12:04', '2022-01-03 18:12:04'),
(5, '鳳凰源平 純米大吟釀', 10, 0, '如浴火鳳凰的蛻變重生，將酒的形象與酒造的精神反映在酒標上，深紫色與金箔細膩的交織而成誕生美麗的鳳凰，感受得到精細的設計工藝。使用全量山田錦精米至48%。香氣為華麗的吟釀香。熟成蘋果般的香氣。收尾俐落，輕快且飽滿的口感的純米大吟釀酒款。推薦的飲用方法是冰溫或是略冰。華麗的香氣組成，在甜味與酸味當中取得平衡的味道。可以確實感受到米的旨味的酒款。香氣與味道會隨著溫度而變化是其旨趣，漂亮且水潤感滿溢的味道使人愛不釋口。選用日本百水「御清水」，口感柔軟滑順是其特點。With Original Phoenix Carton Box', '已上架', 5, 'M0005.png', '2022-01-03 18:12:05', '2022-01-03 18:12:05'),
(6, '真澄 夢殿純米大吟釀', 10, 0, '真澄純米酒釀造的最高峰作品。每年代表富士見藏參加全國清酒品評會的評選。\n口味極具層次，有優雅而清新的果香。', '已上架', 6, 'M0006.png', '2022-01-03 18:12:06', '2022-01-03 18:12:06'),
(7, '真澄 七號純米大吟釀', 10, 0, '用發源於真澄酒藏的七號酵母和長野縣產美山錦米，採用傳統技法山廢釀法釀造而成。是長野縣與真澄酒藏極具代表性的清酒。口感穩重中帶酸，有淡淡的果香，酒體優雅而具層次感。海外人氣度極高。於2015年International Wine Challenge中獲得銀獎。', '已上架', 7, 'M0007.png', '2022-01-03 18:12:07', '2022-01-03 18:12:07'),
(8, '真澄 山花純米大吟釀', 10, 0, '酒名取自李白的詩「兩人對酌山花開，一杯一杯又一杯」。口味淡雅清麗，有果實般的芳香，令人聯想起初春山峰上盛開的鮮花。海外人氣極高。於2015年International Wine Challenge中獲得銀牌。', '已上架', 8, 'M0008.png', '2022-01-03 18:12:08', '2022-01-03 18:12:08'),
(9, '真澄 辛口生一本 純米吟釀', 10, 0, '「生一本」意為全釀造工序於單一酒藏中完成。真澄極具代表性的支柱產品之一，有青蘋果的芳香，酒體透明，口感微辛、清爽，入口無痕，兼具辛口與柔和口感的絕妙平衡。極具特色的黑色酒標已成為真澄的識別色，自發賣以來廣受人們喜愛。於2015年International Wine Challenge中獲得銀牌。', '已上架', 9, 'M0009.png', '2022-01-03 18:12:09', '2022-01-03 18:12:09'),
(10, '真澄 奧傳寒造 純米酒', 10, 0, '採用發源於真澄的七號酵母釀造而成。口感溫和，甘辛適中，帶米香。適合常溫或熱飲。於2012年International Wine Challenge中獲得銅獎。', '已上架', 10, 'M0010.png', '2022-01-03 18:12:10', '2022-01-03 18:12:10'),
(11, 'YAWARAKA TYPE-1 純米吟釀', 10, 0, '2015年8月發賣的新產品。革命性的將酒精度降低到了12度的同時，不失整體的平衡。口感輕柔，有淡淡的果實清香。會讓人在不知不覺中一杯一杯的喝下去。非常適合作為午餐佐酒。', '已上架', 11, 'M0011.png', '2022-01-03 18:12:11', '2022-01-03 18:12:11'),
(12, '真澄本釀造特撰 本釀造', 10, 0, '普通酒類別中性價比最高。2014年通過改進技術，降低精米步合，大幅提高了酒的品質，使之香味更多，口感更輕快，冷飲熱飲皆可。在2015年的International Wine Challenge品評會中獲得銀牌。', '已上架', 12, 'M0012.png', '2022-01-03 18:12:12', '2022-01-03 18:12:12'),
(13, '會津譽 播州山田錦 純米大吟釀', 10, 0, '此款酒為會津譽酒造最為高級的酒種，將播州山田錦削去表層60%，僅留下最精華的40%心白部分進行釀製；柑桔以及蘋果的香氣明顯，酒體本身濃醇。此款在IWC2013年獲得金牌，更於2015年得到冠軍酒的殊榮，2016年世界領袖高峰會為安倍首相贈各國首相禮。\n\n\n強烈濃郁的水果香氣，入喉後在口中可感受芒果、菠蘿蜜、熱帶水果、黑醋栗等餘韻；酒體渾厚飽滿，尾韻綿延十分悠長。\n\n\n因其香氣與口味較重，推薦給喝習慣紅白葡萄酒想嘗試日本酒的同好。', '已上架', 13, 'M0013.png', '2022-01-03 18:12:13', '2022-01-03 18:12:13'),
(14, '水芭蕉 鼠年限定 純米大吟釀', 10, 0, '『世界米其 餐廳指定品牌』  \n\n\n搭配2020東京奧運，生肖排列成奧運環狀、雷射雕刻瓶身，極具收藏價值!\n\n\n\n\n\n\n『柔軟淡麗的細緻清香』\n\n\n白桃洋梨香氣飽滿，淡雅清新的米香陪襯其中，清澈水質帶來的自然輕甜，在口中緩緩綻放香氣綿延持久，喝起來柔順優雅。', '已上架', 14, 'M0014.png', '2022-01-03 18:12:14', '2022-01-03 18:12:14'),
(15, '水芭蕉 牛年限定 純米大吟釀', 10, 0, '2021丑年來臨，酒造推出一年一度的新年限定酒。\n\n\n使用兵庫縣三木市契約栽培的山田錦釀造，開瓶洋溢優雅果香，口感水潤飽滿，細緻米旨味綿延不絕。雷雕瓶身設計精美，猛牛氣勢如虹，期望為新的一年招福迎春！', '已上架', 15, 'M0015.png', '2022-01-03 18:12:15', '2022-01-03 18:12:15'),
(16, '會津譽 鳳凰標大吟釀', 10, 0, '這瓶大吟釀本身帶有青蘋果、水梨、花香以及成熟核果香氣，入喉後略微辛口清爽，後韻帶有旨味；於2014、2017年IWC競賽中獲得金獎，並由日本國家釀酒研究所頒與金獎14次，2016年亦獲得年度新酒金賞。\n\n\n乾淨成熟的香氣，良好的深度。入口後可以感受到菠蘿、蘋果以及芒果的味道，後段會帶有圓滑的苦味及旨味餘韻。', '已上架', 16, 'M0016.png', '2022-01-03 18:12:16', '2022-01-03 18:12:16'),
(17, '文佳人 Liseur 特別純米', 10, 0, '在2017年由法國舉辦的清酒比賽Kura Master獲得純米部門金賞。\r\n\r\n一次火入新鮮且優雅的香氣，口感柔順容易飲用，建議可以稍等回溫後風味更加，是可以和紅白酒相比擬的完美食中酒。\r\n\r\nLiseur在法文意指有氣質、飽讀詩書的女性的名詞，也就是品牌名稱「文佳人」。', '已上架', 17, 'M0017.png', '2022-01-03 18:12:17', '2022-01-03 18:12:17'),
(18, '文佳人 Liseur 純米吟釀', 10, 0, '為了避免酒標上面的資訊帶給品飲的消費者主觀意識，身為酒造藏人的自信心，文佳人的「リズール」系列作對於「酒米」、「日本酒度」以及「酸度」完全不公開，希望帶給消費者最直接的感受。\n\n\n新鮮、一次火入所帶有的些微氣泡感十分引人入勝。\n\n\n溫和且優雅的香氣，令人耳目一新的酸度所帶來的清新感，是一支十分完美的“食中酒”，搭配生魚片料理更是十分合適。', '已上架', 18, 'M0018.png', '2022-01-03 18:12:18', '2022-01-03 18:12:18'),
(19, '中尾 誠鏡青瓶 吟釀', 10, 0, '使用廣島縣產米-「新千本」釀造，一款具有柔軟清新的香氣，口感稍帶辛口的吟釀酒。引人注目的清澄透明藍色酒瓶還附上與瓶身同樣材質的玻璃酒杯，相當受人喜愛。', '已上架', 19, 'M0019.png', '2022-01-03 18:12:19', '2022-01-03 18:12:19'),
(20, '久保田 千壽吟釀', 10, 0, '1985年創立久保田品牌起販售至今。嚴選產米聖地－新潟縣的酒造好適米「五百萬石」，精米至55%的吟釀酒款。2008年春為使酒質更上一層樓，更將麴米的精米度提升到日本國稅局規定的大吟釀標準（50%）。香味高雅、口感順暢，具有馥郁辛辣的個性，多喝幾杯都不會膩口的淡麗辛口代表性酒款之一。', '已上架', 20, 'M0020.png', '2022-01-03 18:12:20', '2022-01-03 18:12:20'),
(21, '喜多屋 九州生冷用 本釀造', 10, 0, '將鮮榨的生酒，放置於零下環境仔細貯藏，僅在裝瓶時火入一次，保有生酒的新鮮風味和涼爽口感。', '已上架', 21, 'M0021.png', '2022-01-03 18:12:21', '2022-01-03 18:12:21'),
(22, '庭之鶯 鶯辛本釀造', 10, 0, '米的旨味沉穩豐潤，尾韻能夠感受到辛口帶來的輕柔餘韻。冷熱皆宜，可以與任何溫度的料理做搭配。特別推薦喜愛辛口酒的朋友，以熱燗方式飲用，更能品嘗出酒的辛口感。', '已上架', 22, 'M0022.png', '2022-01-03 18:12:22', '2022-01-03 18:12:22'),
(23, '真澄 真朱AKA 山廢純米吟釀', 10, 0, '具有奶酪與芝士一樣的迷人香氣和深沈內斂的韻味。\n「真朱」的名字源起於古人使用的天然印泥的朱紅顏色。正如這鮮艷的朱紅色一般，「真朱」使人聯想到奶酪與芝士所散發出的優雅但迷人的香氣，飽滿而又沈穩的旨味。搭配有濃郁風味的食材，酒與料理相互襯托，更提升了料理的美味。', '已上架', 23, 'M0023.png', '2022-01-03 18:12:23', '2022-01-03 18:12:23'),
(24, '真澄 漆黒KURO 純米吟釀', 10, 0, '注重各種口感的平衡，酒體兼具透明感與飽滿度。\n「漆黑」的酒名取自傳統漆器上塗的漆黑而又有光澤的顏色。在釀造上注重各種口感的平衡，酒體乾淨、透明，酒中豐富的旨味又使得酒體更加飽滿、立體。搭配的料理從日常三餐到豪華宴席均可，是真澄旗艦系列中最具可塑性的酒款。', '已上架', 24, 'M0024.png', '2022-01-03 18:12:24', '2022-01-03 18:12:24'),
(25, '真澄 白妙SHIRO 純米吟釀', 10, 0, '用樹皮的纖維所編織出來的白色的織布就是白妙，這款酒如同織布一般的輕柔淡雅口感，酒精感非常低，帶有旨在釀造適合日常輕鬆飲用的酒，低酒精度更易入口。', '已上架', 25, 'M0025.png', '2022-01-03 18:12:25', '2022-01-03 18:12:25'),
(26, '澤乃井 凰大吟釀', 10, 0, '★2019-2020年連續2年榮獲 東京國稅局酒類評鑑會 清酒吟釀部門 優等賞\n\n\n使用酒米之王、特A地區的山田錦，精磨至35%。全程手工以耗時費力的箱麴製麴，透過杜氏、藏人最高技術誕生而成、為該酒造最高等級的大吟釀。華麗奔放的高雅香氣，細緻悠長的尾韻，搭配典雅的紙盒裝箱，送禮自用兩相宜。', '已上架', 26, 'M0026.png', '2022-01-03 18:12:26', '2022-01-03 18:12:26'),
(27, '久保田 大吟釀 原酒', 10, 0, '每年限定1月、7月岀荷限定商品。\n隨著海外限定版「 久保田 吟釀原酒」停售，所調整再出發的新款！受到疫情影響，一直推遲上市時間。\n\n\n優雅華麗的香氣，雖是原酒，但仍可感受到酒質中微甜甘味，道與繊細滑潤的酒質。與前菜搭配外，亦可搭配較為濃郁的主食輕鬆化解油膩感。建議冷飲！與奶油類可搭配，如奶油起士、鮭魚卵醬油醃漬、乾燒蝦仁等。', '已上架', 27, 'M0027.png', '2022-01-03 18:12:27', '2022-01-03 18:12:27'),
(28, '天上夢幻 大吟釀 山田錦', 10, 0, '★榮獲2021年IWC (International Wine Challenge)大吟釀部門銀賞\n★2020-21年連續兩年榮獲 最適合葡萄酒杯品飲大賽(WGO)premium大吟釀部門金賞\n★榮獲2019年 日本SAKE COMPETITION吟釀部門第一名\n★榮獲2019年 全美日本酒歡評會 大吟釀A部門 金賞 «\n\n\n華麗的吟釀香氣加上有如水果般豐潤香氣。優雅高雅的柔和口感，乾淨俐落、完成度相當高的逸品。建議仔細冰鎮後，使用葡萄酒杯，可品味到更為細緻香氣的樂趣。', '已上架', 28, 'M0028.png', '2022-01-03 18:12:28', '2022-01-03 18:12:28'),
(29, '小西 冷榨大吟釀 金', 10, 0, '★榮獲2021年IWC (International Wine Challenge)大吟釀部門入賞\n★榮獲2021年日本最適合葡萄酒杯品飲大賽(WGO)主要部門最高金賞\n\n\n中度酒體, 口感圓潤飽滿, 果香豐富, 搭餐單飲皆宜, 建議冷藏後以白酒杯飲用。\n最適合搭配帶有醬料調味的魚肉類料理。', '已上架', 29, 'M0029.png', '2022-01-03 18:12:29', '2022-01-03 18:12:29'),
(30, '白鶴 大吟釀', 10, 0, '★榮獲2021年IWC (International Wine Challenge)大吟釀部門入賞\n★榮獲2021年日本最適合葡萄酒杯品飲大賽(WGO)主要部門金賞\n★2011-2018連續8年Monde Selection金賞受賞\n★榮獲2015年日本最適合葡萄酒杯品飲大賽(WGO)大吟釀酒部門最高金賞\n\n特別使用綠色磨砂霧瓶，更凸顯其低調內斂的特質。沉穩香氣、淡麗適中的風味，適合搭配各式料理，是佐餐的精緻清酒首選。', '已上架', 30, 'M0030.png', '2022-01-03 18:12:30', '2022-01-03 18:12:30'),
(31, '大關 長兵衛 大吟釀清酒', 10, 0, '以酒藏（釀酒工廠）的創業者名為商品名的大關代表性大吟釀酒。新鮮的果香及濃郁口感為本品的特徵。', '已上架', 31, 'M0031.png', '2022-01-03 18:12:31', '2022-01-03 18:12:31'),
(32, '金虎 純米', 10, 0, '以蓬鬆的口感加上酥脆的飲後口感產生出溫柔平靜的氣味', '已上架', 32, 'M0032.png', '2022-01-03 18:12:32', '2022-01-03 18:12:32'),
(33, '金虎純米大吟釀', 10, 0, 'Yamada Nishiki純米大吟釀的華麗優雅的味道與Kintora Brewery美麗而舒適的口感相結合。', '已上架', 33, 'M0033.png', '2022-01-03 18:12:33', '2022-01-03 18:12:33'),
(34, '十四代 播州山田錦 中取大吟釀', 10, 0, '使用兵庫縣特A地區的山田錦經米至35%，以傳統蓋麴法、長期低溫發酵，造就出極度華麗豐潤吟釀香氣的限定大吟釀酒。', '已上架', 34, 'M0034.png', '2022-01-03 18:12:34', '2022-01-03 18:12:34'),
(35, '鷹長 純米 菩提酛', 10, 0, '菩提酛製法，是室町時代(1400年代)時於奈良菩提山正暦寺被研發岀來的方法。\n於釀酒過程中使用生的米為它的特徵。\n使用正暦寺・寺領的米和水，以及「正暦寺乳酸菌」和「正暦寺酵母」造成的酒母，融合了近代釀造法的奈良縣獨有地域特性的濃厚旨口的純米酒。\n另外，這個菩提酛的製法在正暦寺，亦是被後人世代相傳的文化精神。', '已上架', 35, 'M0035.png', '2022-01-03 18:12:35', '2022-01-03 18:12:35'),
(36, '朝日鷹 特撰本釀造', 10, 0, '知名品牌「十四代」藏元-高木酒造的特撰本釀造。 \n芳醇的香氣和俐落新鮮的風味，雖然是本釀造同時飄逸著吟釀香氣，相較十四代的「本丸」，品質幾乎沒有差別！ \n是山形縣內限定的「真正地酒」，每年6月和11月限定出品的本釀造低溫貯藏酒。', '已上架', 36, 'M0036.png', '2022-01-03 18:12:36', '2022-01-03 18:12:36'),
(37, 'ALPHA 風の森 TYPE7 2020', 10, 0, 'TYPE7的樂趣之一就是追求當時能感受到的露葉味道', '已上架', 37, 'M0037.png', '2022-01-03 18:12:37', '2022-01-03 18:12:37'),
(38, '越後櫻 醉樂無極 大吟釀', 10, 0, '使用山田錦50%，扁平精米技術，造出新潟淡麗辛口風格，入口清爽舒服，口腔溫度暖化後白氣呈現，酒感悠長，口感豐富。', '已上架', 38, 'M0038.png', '2022-01-03 18:12:38', '2022-01-03 18:12:38'),
(39, '亜麻猫 第12世代', 10, 0, '它使用具有強烈酸度的燒酒九曲（白酒麯）釀造，是您可以享受有別於一般清酒酸度的作品。', '已上架', 39, 'M0039.png', '2022-01-03 18:12:39', '2022-01-03 18:12:39'),
(40, '龍神 吟釀生詰原酒 隱藏酒', 10, 0, '猶如白桃般的柔和香甜的香氣，甜美多汁、略帶果酸的口感、沉穩的酒體悠長的餘韻，十分容易品飲。', '已上架', 40, 'M0040.png', '2022-01-03 18:12:40', '2022-01-03 18:12:40'),
(41, '作 玄乃智', 10, 0, '清新的香氣，如青蘋果和強烈的酸度。它是一種純米酒，味道濃郁，與食物相得益彰。無論是冷的還是熱的，都可以盡情享用。', '已上架', 41, 'M0041.png', '2022-01-03 18:12:41', '2022-01-03 18:12:41'),
(42, '鶴齢 吟釀生酒', 10, 0, '剛開栓時氣泡感較明顯，入口先感受到活潑飽滿的米香，中段開始出現杏桃和西洋梨的果香，後段部分因為氣泡感的關係非常乾淨舒服，這款清酒的風格有點類似生啤酒的調性。', '已上架', 42, 'M0042.png', '2022-01-03 18:12:42', '2022-01-03 18:12:42'),
(43, '作 恵乃智', 10, 0, '類似於梨的豐滿、甜美和華麗的香味。口感堅實，帶有柔滑的甜味和鮮味。', '已上架', 43, 'M0043.png', '2022-01-03 18:12:43', '2022-01-03 18:12:43'),
(44, '鍋島', 10, 0, '以吉川 A 級山田錦打造而成\n新鮮出荷，在日本是極限量的逸品！\n華麗的水梨白花香氣！', '已上架', 44, 'M0044.png', '2022-01-03 18:12:44', '2022-01-03 18:12:44'),
(45, '鳴門鯛 吟釀生原酒', 10, 0, '『鳴門鯛 吟釀鮮釀生原酒』是日本酒中極罕見的鋁罐包裝， \n而且在電影『銀翼殺手Blade Runner 2049』中登場過喔！', '已上架', 45, 'M0045.png', '2022-01-03 18:12:45', '2022-01-03 18:12:45'),
(46, '花邑 美郷錦 生酒', 10, 0, '花村是日本清酒王國秋田的熱門品牌，作為繼承第十四代基因的清酒，已成為全國清酒愛好者的焦點。', '已上架', 46, 'M0046.png', '2022-01-03 18:12:46', '2022-01-03 18:12:46'),
(47, '加茂錦 微濾過吟釀生酒', 10, 0, '此款微濾過吟釀為加茂錦酒造最新作品。透過微濾過技術，口感滑順，香氣濃郁。 \n打破一般生酒既定印象，帶有微微碳酸口感的直率口感，專利技術「珪藻土過濾」造就澄清口感。 \n感受到一絲甘口中後段以辛口收尾，口感澄清喉韻帶著茶葉氣息。', '已上架', 47, 'M0047.png', '2022-01-03 18:12:47', '2022-01-03 18:12:47'),
(48, '満寿泉 生純米吟釀', 10, 0, '最後留著優雅的果香，含在口中時，溫和宜人的香味蔓延開來，膨脹口感的山錦田米，柔和優雅的鮮味，清爽的酸度。餘味均衡。', '已上架', 48, 'M0048.png', '2022-01-03 18:12:48', '2022-01-03 18:12:48'),
(49, '龍神 尾瀨雪融 純米大吟釀 新年御用酒', 10, 0, '為了慶祝新年所釀製的祝賀酒。歡欣的迎接新的一年，對於即將過去的這年表示感謝之意，因此精米至39%，代表了\"Thank You\"的意思。入口後純潔清淨質感、如花蜜般清爽滑順的香甜口感，猶如白色花系的吟釀香氣。', '已上架', 49, 'M0049.png', '2022-01-03 18:12:49', '2022-01-03 18:12:49'),
(50, '大雪溪 阿爾卑斯吟釀 生貯藏酒', 10, 0, '採用長野縣特有阿爾卑斯酵母，奔放的花香系香氣為最大特點之一。口感清爽俐落、層次豐富，是款非常適合搭配海鮮料理的吟釀酒。', '已上架', 50, 'M0050.png', '2022-01-03 18:12:50', '2022-01-03 18:12:50'),
(51, '奧飛驒 吟釀 生囲', 10, 0, '清新爽口，辛甘均衡口感，尾韻切口乾淨短。 \n喝不膩酒款。 \n加冰飲用更感清爽～', '已上架', 51, 'M0051.png', '2022-01-03 18:12:51', '2022-01-03 18:12:51'),
(52, '陸奥八仙 黒ラベル', 10, 0, '鮮味和酸味相得益彰，可以感受到其中的複雜性。它具有柔軟的口感，即使在口中也能散發出香氣。易於搭配較油的菜餚。', '已上架', 52, 'M0052.png', '2022-01-03 18:12:52', '2022-01-03 18:12:52'),
(53, '墨迺江 特別本釀造 本辛', 10, 0, '辛口調性中完美融合米旨醇香及清爽口感， \n雖是一款平易近人的本釀造，卻相當拘泥品質，絕不馬虎。 \n香氣沉穩雅致，收尾乾淨俐落，適飲溫度從冰飲到燗酒皆宜， \n與海鮮料理搭配相得益彰。', '已上架', 53, 'M0053.png', '2022-01-03 18:12:53', '2022-01-03 18:12:53'),
(54, '七賢 甘酸辛苦澀 本釀造', 10, 0, '為一款白州甲斐駒ヶ岳伏流水釀造的一品本釀造，深受山梨當地人長年的喜愛，製酒時特別低溫熟使其味道更有新鮮感，不管是冷飲、常溫或是溫飲搭配任何料理都非常的適合。', '已上架', 54, 'M0054.png', '2022-01-03 18:12:54', '2022-01-03 18:12:54'),
(55, '八海山 特別本釀造', 10, 0, '以高度精白的新潟縣產米作為原料，整個製造工程堅持應用傳統製造吟釀的方式製作。為八海釀造的看板商品之一，含在嘴裡散發出來的香氣不輸給吟釀酒，能充分享受到高雅的口感與淡麗的味道。', '已上架', 55, 'M0055.png', '2022-01-03 18:12:55', '2022-01-03 18:12:55'),
(56, '賀茂鶴 超特撰 特等酒', 10, 0, '榮獲2011年溫酒大賽的「最高位大賞受賞」，酒質圓潤順口，似無角度般的尾韻更是魅力所在。', '已上架', 56, 'M0056.png', '2022-01-03 18:12:56', '2022-01-03 18:12:56'),
(57, '天壽 清澄辛鳥海山 本釀造', 10, 0, '嚴選100%天壽酒米研究會的酒造好適米-「美山錦」，擁有極為細膩、豐潤的口感。溫熱後飄逸脫俗的酒香，在口中能隱隱感受其純淨的喉韻。', '已上架', 57, 'M0057.png', '2022-01-03 18:12:57', '2022-01-03 18:12:57'),
(58, '十四代 本丸 特別本釀造', 10, 0, '秘傳的釀造酒精是使用自家酒粕蒸餾而成，此添加技術造就這款代表作品。\n有如吟釀等級酒款的輕柔果香，含入口中無雜味、高雅的甘甜擴散開來，清爽順口、甘辛口完美平衡為最大特色。', '已上架', 58, 'M0058.png', '2022-01-03 18:12:58', '2022-01-03 18:12:58');

-- --------------------------------------------------------

--
-- 資料表結構 `restaurant`
--

CREATE TABLE `restaurant` (
  `res_id` int(11) NOT NULL,
  `res_type` varchar(20) NOT NULL COMMENT 'Fine Dining / 居酒屋 / Sake Bar',
  `res_area` varchar(2) NOT NULL COMMENT '北部 / 中部 / 南部',
  `res_name` varchar(50) NOT NULL COMMENT '陣列儲存營業時間資料\r\n"[""12:00–15:00 18:00–22:00"", \r\n""12:00–15:00 18:00–22:00"",\r\n""12:00–15:00 18:00–22:00"",\r\n""12:00–15:00 18:00–22:00"",\r\n""12:00–15:00 18:00–22:00"",\r\n""12:00–15:00 18:00–22:00"",\r\n""12:00–15:00 18:00–22:00""]"',
  `res_intro` varchar(255) NOT NULL,
  `res_address` varchar(255) NOT NULL,
  `res_ser_hours` varchar(255) NOT NULL,
  `res_t_number` varchar(20) NOT NULL,
  `web_link` varchar(255) DEFAULT NULL COMMENT '可為空值',
  `fb_link` varchar(255) DEFAULT NULL COMMENT '可為空值',
  `ig_link` varchar(255) DEFAULT NULL COMMENT '可為空值',
  `booking_link` varchar(255) DEFAULT NULL COMMENT '可為空值',
  `res_create_date` datetime NOT NULL DEFAULT current_timestamp() COMMENT '自然產生',
  `res_update_date` datetime NOT NULL DEFAULT current_timestamp() COMMENT '自然產生'
) ENGINE=InnoDB DEFAULT CHARSET=utf8mb4;

--
-- 傾印資料表的資料 `restaurant`
--

INSERT INTO `restaurant` (`res_id`, `res_type`, `res_area`, `res_name`, `res_intro`, `res_address`, `res_ser_hours`, `res_t_number`, `web_link`, `fb_link`, `ig_link`, `booking_link`, `res_create_date`, `res_update_date`) VALUES
(1, 'Fine Dining', '北部', 'The Ukai Taipei', 'THE UKAI TAIPEI位於微風南山46樓，是台北第一家結合鐵板燒與日式割烹的「2合1複合業態高樓景觀餐廳」。來自日本的鐵板燒「Ukai-Tei」是全球第一間以鐵板燒料理摘下米其林一星的餐廳，並連續拿了7年。環境、景觀、服務、器皿及手藝，都是頂級規格的打造，在此有了不同以往的尊貴用餐感受。', '台北市信義區松智路17號46樓', '[\"12:00–15:00 18:00–22:00\", \r\n\"12:00–15:00 18:00–22:00\",\r\n\"12:00–15:00 18:00–22:00\",\r\n\"12:00–15:00 18:00–22:00\",\r\n\"12:00–15:00 18:00–22:00\",\r\n\"12:00–15:00 18:00–22:00\",\r\n\"12:00–15:00 18:00–22:00\"]', '02-7730-1166', 'https://www.ukai.co.jp/ct/taipei/', 'https://www.facebook.com/theukaitaipei/', 'https://www.instagram.com/theukaitaipei/', 'https://www.ukai-tpe.com.tw/websev?ref=pages&id=16&lang=zh-tw', '2022-01-02 05:22:23', '2022-01-02 05:22:23'),
(2, 'Fine Dining', '南部', 'THE UKAI Kaohsiung', 'Ukai-tei Kaohsiung 是高雄晶英行館引進的日本米其林星級餐飲，Ukai-tei 鐵板燒 是全世界第一間榮獲米其林一星的鐵板燒，高雄也是海外的第一家分店，採一位廚師對一組客人的專屬服務。', '高雄市前鎮區中山二路199號 晶英國際行館2F／3F', '[\"12:00–15:00 18:00–22:00\",\r\n\"12:00–15:00 18:00–22:00\",\r\n\"12:00–15:00 18:00–22:00\",\r\n\"12:00–15:00 18:00–22:00\",\r\n\"12:00–15:00 18:00–22:00\",\r\n\"12:00–15:00 18:00–22:00\",\r\n\"12:00–15:00 18:00–22:00\"]', '07-973-0122', 'https://www.ukai.co.jp/ct/kaohsiung/', 'https://www.facebook.com/ukaiteikaohsiung/', NULL, NULL, '2022-01-02 05:28:41', '2022-01-02 05:28:41'),
(3, '居酒屋', '北部', '獨樂清酒食堂 Koma Sake Bistro', '有別於台灣，在日本，居酒屋就是讓日常生活中充滿壓力的人在下班後能夠紓解一天緊張的心情，私下和同事、朋友聯絡感情的地方，希望能把日本居酒屋的文化帶來台灣。台北超級隱藏版日式餐酒館【獨樂清酒食堂 Koma Sake Bistro】，\r\n\r\n以多元化日本清酒及道地居酒屋料理為主，還有熱情親切的服務吸引客人向隅，來到這兒可以盡情放鬆的享用美食及美酒，紓解日常生活的壓力。', '台北市大同區重慶北路一段1號2樓', '[\"18:00–00:00\",\r\n\"18:00–00:00\",\r\n\"18:00–00:00\",\r\n\"18:00–00:00\",\r\n\"18:00–00:00\",\r\n\"18:00–00:00\",\r\n\"18:00–00:00\"]', '02-2558-0836', NULL, 'https://www.facebook.com/Koma2F/', NULL, 'https://inline.app/booking/-LhPREP3g3atpZGJVjQz%3Ainline-live-2a466/-LhPRESxDueQIB0eVDm7?step=0&fbclid=IwAR11lqm7LAn99H1JYYaunKhepHiw51UuSiiLSpNnn7vAGYtZxAOHuJ2Vx14', '2022-01-02 05:32:16', '2022-01-02 05:32:16'),
(4, 'Sake Bar', '北部', '知心寮', '位於台北市林森北路145巷內、九條通裡頭的「知心寮」，是以燒酎、日本酒為主題的日式居酒屋，不僅講日文、英文都能通，且老闆更是領有國際唎酒師的達人，都會依照每個人的喜好來推薦、介紹，讓每位客人都能喝到適合自己的酒類；此外這裡也有販售純米大吟釀、水果酒、清酒、啤酒甚至無酒精飲品、日本汽水等，足以滿足各種族群的需求!', '台北市中山區林森北路145巷17號1樓', '[\"18:00–00:00\",\r\n\"休息\",\r\n\"18:00–00:00\",\r\n\"18:00–00:00\",\r\n\"18:00–00:00\",\r\n\"18:00–00:00\",\r\n\"18:00–00:00\"]', '02-2531-5961', NULL, 'https://www.facebook.com/知心寮-107889457717193/', NULL, 'https://inline.app/booking/-MqxACFm8CDdynV0E_Vh:inline-live-2/-MqxACU3td_H0HdsUWUB?fbclid=IwAR1QuE7eph_bQyjE23sHwzEXzuupPOMZYXsyYYuHOcWyHlOyAFNlJ6Qlxjg', '2022-01-02 13:19:13', '2022-01-02 13:19:13'),
(5, '居酒屋', '中部', '板前燒肉一徹', '台中燒肉你都吃哪家？這家藏在巷子裡的板前燒肉“一徹”你一定不能錯過，全程桌邊服務～更能享受老闆嚴選食材的頂級美味，單點或是交給老闆搭配套餐通通都可以，絕佳烤功保證會一吃上癮！', '台中市中區民族路227號', '[\"18:00–01:00\",\r\n\"18:00–00:00\",\r\n\"18:00–00:00\",\r\n\"18:00–00:00\",\r\n\"18:00–00:00\",\r\n\"18:00–00:00\",\r\n\"18:00–01:00\"]', '04-22275353', NULL, 'https://www.facebook.com/nikuittetsu/?ref=page_internal', 'https://www.instagram.com/yakinikuittetsu/', 'https://inline.app/booking/-Lt8IklokDZk2tyKebkv:inline-live-1/-Lt8IkpknSMuxZzupKo4', '2022-01-02 13:19:13', '2022-01-02 13:19:13'),
(6, 'Fine Dining', '中部', '指月亭 和風料理', '員林人氣日式料理店，食材新鮮可期，刀工精湛，每道料理絕對色香味俱全，讓你彷彿置身日本居酒屋！指月亭首推職人手作辣椒醬，每每開放販售必定秒殺，來店裏絕對不能錯過！', '彰化縣員林市大同路二段102號', '[\"11:30–14:00 17:00–21:00\",\r\n\"11:30–14:00 17:00–21:00\",\r\n\"休息\",\r\n\"16:30–22:00\",\r\n\"16:30–22:00\"\r\n\"16:30–22:00\"\r\n\"16:30–22:00\"]', '04-833-8919', 'https://japanese-authentic-restaurant-57.business.site', 'https://www.facebook.com/Chigetsutei/', NULL, NULL, '2022-01-02 13:25:39', '2022-01-02 13:25:39'),
(7, '居酒屋', '南部', '柶築晚酌の店', '左營區重清路居酒屋-居酒手作料理，刺身、握壽司、串燒、燒烤、揚物、創意料理、orion生啤、日本sake，給晚下班想小酌的您一個日式氛圍，放鬆、及填飽肚子的地方。', '高雄市左營區重清路31號', '[\"17:30–01:00\",\r\n\"17:30–01:00\",\r\n\"休息\",\r\n\"17:30–01:00\",\r\n\"17:30–01:00\",\r\n\"17:30–01:00\",\r\n\"17:30–01:00\"]', '0930-733-808', NULL, 'https://www.facebook.com/SiZhuWanZhuonoDian/', 'https://www.instagram.com/sizhuwanzhuonodian/', NULL, '2022-01-02 13:27:25', '2022-01-02 13:27:25'),
(8, 'Fine Dining', '北部', '祥雲龍吟', '透過與在地農家與漁家交流，深入理解台灣季節轉化與食材特色，每日運用台灣豐富及新鮮物產，結合龍吟流的料理技巧，展演出兼具傳統創新的懷石料理。祥雲龍吟發源自日本東京，是龍吟日本在台灣的分店，主廚山本征治以台灣豐富物產創造獨有特色，致力創造難忘的餐飲體驗。\r\n料理長稗田良平先生依循龍吟創辦者山本征治先生的料理精神，透過與在地農家與漁家交流，深入理解台灣季節轉化與食材特色，每日運用台灣豐富及新鮮物產，結合龍吟流的料理技巧，展演出兼具傳統創新的懷石料理。\r\n「龍吟」來是取自佛家禪語的「龍吟雲起」。', '台北市中山區樂群三路301號5樓', '[\"18:00–21:00\",\r\n\"18:00–21:00\",\r\n\"休息\",\r\n\"18:00–21:00\",\r\n\"18:00–21:00\",\r\n\"18:00–21:00\",\r\n\"18:00–21:00\"]', '02-8501-5808', 'https://www.nihonryori-ryugin.com.tw/zh/default.aspx', 'https://www.facebook.com/ShounRyugin/', NULL, 'https://www.nihonryori-ryugin.com.tw/zh/RyBooking.aspx', '2022-01-02 13:29:08', '2022-01-02 13:29:08'),
(9, 'Fine Dining', '北部', '月夜岩 蟹懷石', '試想，在寂靜的春夜下晚風習習、心情舒暢，此時停佇在海岸邊，望著遼闊的大海和朦朧而柔和的月光相照相映；沉靜於如此場景的同時，我們想要提供給在此用餐的重要顧客們，一個緩和而可以放鬆享用美食的時間與空間……\r\n在絕佳的舒適空間中從容並慎重地品味著珍饉佳餚，我們不只想要滿足顧客的口腹之慾，而是連同從心中滿溢出來的滿足感也想一併提供給顧客們……\r\n在如此的深切想望下，我們將店名取做「月夜岩」( TSUKIYOIWA )。', '台北市中山區雙城街25巷9號', '[\"11:30–14:00 18:00–22:30\",\r\n\"休息\",\r\n\"11:30–14:00 18:00–22:30\",\r\n\"11:30–14:00 18:00–22:30\",\r\n\"11:30–14:00 18:00–22:30\",\r\n\"11:30–14:00 18:00–22:30\",\r\n\"11:30–14:00 18:00–22:30\"]', '02-2585-9221', 'https://tsukiyoiwa.com/tw/top', 'https://www.facebook.com/tsukiyoiwa/', NULL, 'https://tsukiyoiwa.com/tw/reservation', '2022-01-02 13:32:02', '2022-01-02 13:32:02'),
(10, '居酒屋', '北部', '大股 熟成燒肉專門-台北忠孝店', '我們是位在台北的燒肉店「大股熟成燒肉專門」。\r\n除了是第一間結合日本和牛和清酒販賣機的主題燒肉店，我們店內的牛肉均採用熟成技術，而經過熟成的肉質會變得更柔軟、脂肪更均勻，連帶的味道也會更加濃郁與多汁！\r\n我們在意每一個入口時都要是美好的口感，追求極致的態度，細膩處理肉品，懂得取捨的道理，去蕪存菁將夢幻肉品呈現給您！\r\n「大口吃肉，大口喝酒」是我們的承諾。', '台北市大安區忠孝東路四段216巷19弄17號', '[\"17:30–23:00\",\r\n\"17:30–23:00\",\r\n\"17:30–23:00\",\r\n\"17:30–23:00\",\r\n\"17:30–23:00\",\r\n\"17:30–23:00\",\r\n\"17:30–23:00\"]', '02-2721-6877', 'http://www.oomata.com/h/Index?key=556667067082', 'https://www.facebook.com/oomata.tw', NULL, NULL, '2022-01-02 13:34:47', '2022-01-02 13:34:47'),
(11, '居酒屋', '中部', '大股熟成燒肉專門 (台中總店)', '我們是位在台中的燒肉店「大股熟成燒肉專門」。\r\n除了是第一間結合日本和牛和清酒販賣機的主題燒肉店，我們店內的牛肉均採用熟成技術，而經過熟成的肉質會變得更柔軟、脂肪更均勻，連帶的味道也會更加濃郁與多汁！\r\n我們在意每一個入口時都要是美好的口感，追求極致的態度，細膩處理肉品，懂得取捨的道理，去蕪存菁將夢幻肉品呈現給您！\r\n「大口吃肉，大口喝酒」是我們的承諾。', '台中市西屯區大安街23號', '[\"12:00–15:00 17:30–23:00\",\r\n\"12:00–15:00 17:30–23:00\",\r\n\"17:30–23:00\",\r\n\"17:30–23:00\",\r\n\"17:30–23:00\",\r\n\"17:30–23:00\",\r\n\"17:30–23:00\"]', '04-2327-2300', 'http://www.oomata.com/h/Index?key=556667067082', 'https://www.facebook.com/oomata.taichung', NULL, 'https://page.line.me/uop5867t?openQrModal=true', '2022-01-02 13:36:22', '2022-01-02 13:36:22'),
(12, '居酒屋', '北部', '新串 New Trend', '新串 New Trend，是居酒屋與酒吧的混血，走出懷舊，打造出新潮的時尚和風。我們期待以「串燒Bar」全新的日式餐酒型態，打動都會的飲食男女。', '台北市大安區忠孝東路四段223巷10弄7號', '[\"17:30–01:00\",\r\n\"17:30–00:00\",\r\n\"17:30–00:00\",\r\n\"17:30–00:00\",\r\n\"17:30–00:00\",\r\n\"17:30–00:00\",\r\n\"17:30–01:00\"]', '02-2711-6169', 'https://new-trend-bar.business.site/?utm_source=gmb&utm_medium=referral', 'https://www.facebook.com/newtrend.yakitoribar/', NULL, 'https://inline.app/booking/-M-hJtXbre-CshVjKPo_:inline-live-1/-M-hJuAf1Qk9jD1jFrLM?fbclid=IwAR0--0Xb-GElpw5NTk2nohY56te6sfENFaMbpdktR-VNkriYFLw8mKTGQwY', '2022-01-02 13:38:08', '2022-01-02 13:38:08');

-- --------------------------------------------------------

--
-- 資料表結構 `restaurant_pictures`
--

CREATE TABLE `restaurant_pictures` (
  `res_pic_id` int(11) NOT NULL,
  `res_pic_name` varchar(50) NOT NULL,
  `res_id` int(11) NOT NULL COMMENT 'FK：restaurant.res_id'
) ENGINE=InnoDB DEFAULT CHARSET=utf8mb4;

--
-- 傾印資料表的資料 `restaurant_pictures`
--

INSERT INTO `restaurant_pictures` (`res_pic_id`, `res_pic_name`, `res_id`) VALUES
(1, '1-1.jpg', 1),
(2, '1-2.jpg', 1),
(3, '1-3.jpg', 1),
(4, '2-1.jpg', 2),
(5, '2-2.jpg', 2),
(6, '2-3.jpg', 2),
(7, '3-1.jpg', 3),
(8, '3-2.jpg', 3),
(9, '3-3.jpg', 3),
(10, '4-1.jpg', 4),
(11, '4-2.jpg', 4),
(12, '4-3.jpg', 4),
(13, '5-1.jpg', 5),
(14, '5-2.jpg', 5),
(15, '6-1.jpg', 6),
(16, '6-2.jpg', 6),
(17, '6-3.jpg', 6),
(18, '7-1.jpg', 7),
(19, '7-2.jpg', 7),
(20, '7-3.jpg', 7),
(21, '8-1.jpg', 8),
(22, '8-2.jpg', 8),
(23, '8-3.jpg', 8),
(24, '9-1.jpg', 9),
(25, '9-2.jpg', 9),
(26, '9-3.jpg', 9),
(27, '10-1.jpg', 10),
(28, '10-2.jpg', 10),
(29, '10-3.jpg', 10),
(30, '11-1.jpg', 11),
(31, '11-2.jpg', 11),
(32, '12-1.jpg', 12),
(33, '12-2.jpg', 12),
(34, '12-3.jpg', 12);

-- --------------------------------------------------------

--
-- 資料表結構 `shipment_detail`
--

CREATE TABLE `shipment_detail` (
  `shipment_detail_id` int(11) NOT NULL,
  `order_id` int(11) NOT NULL,
  `tracking_num` int(12) NOT NULL,
  `shipment_method` varchar(20) NOT NULL COMMENT '宅配、自取',
  `store_id` int(11) NOT NULL,
  `shipment_address` varchar(100) NOT NULL COMMENT '門市地址、自填地址',
  `shipment_note` varchar(50) NOT NULL COMMENT '訂單備註'
) ENGINE=InnoDB DEFAULT CHARSET=utf8mb4;

-- --------------------------------------------------------

--
-- 資料表結構 `special_menu`
--

CREATE TABLE `special_menu` (
  `sp_menu_id` int(11) NOT NULL,
  `sp_menu_pic_name` varchar(50) NOT NULL COMMENT '訂單備註',
  `sp_menu_name` varchar(50) NOT NULL COMMENT '酒的名稱 搭配 一道菜的名稱',
  `res_id` int(11) NOT NULL
) ENGINE=InnoDB DEFAULT CHARSET=utf8mb4;

--
-- 傾印資料表的資料 `special_menu`
--

INSERT INTO `special_menu` (`sp_menu_id`, `sp_menu_pic_name`, `sp_menu_name`, `res_id`) VALUES
(1, '1.png', '白岩酒造 IWA 5 搭配美國特級肋眼', 1),
(2, '2.png', '三諸杉 Dio Abita 搭配伊比利豬', 2),
(3, '3.png', '久保田 萬壽 純米大吟釀搭配日本生蠔', 3),
(4, '4.png', '大嶺酒造 Ohmine 五粒米 Ver.005搭配花魚一夜干', 4),
(5, '5.png', '小西酒造 白雪 Cloudy Sake 純米濁酒搭配根島生態蝦', 5),
(6, '6.png', '天壽 鳥海山 純米大吟釀搭配', 6),
(7, '7.png', '文佳人 夏 純米吟釀搭配明太子雞腿串', 7),
(8, '8.png', '水芭蕉 PURE瓶內二次發酵搭配香魚', 8),
(9, '9.png', '出羽櫻 艶姫 純米吟釀搭配松葉蟹刺身', 9),
(10, '10.png', '末廣 純米吟釀原酒 冷卸搭配 A5日本和牛上蓋肉', 10),
(11, '11.png', '美鄉雪華 純米吟釀搭配大股牛肉威靈頓', 11),
(12, '12.png', '酒田酒造 上喜元 純米 出羽之里搭配鹽烤牛小排佐蒜片', 12);

-- --------------------------------------------------------

--
-- 資料表結構 `store`
--

CREATE TABLE `store` (
  `store_id` int(11) NOT NULL,
  `store_name` varchar(50) NOT NULL,
  `store_address` varchar(50) NOT NULL,
  `store_ser_hours` varchar(255) NOT NULL
) ENGINE=InnoDB DEFAULT CHARSET=utf8mb4;

--
-- 傾印資料表的資料 `store`
--

INSERT INTO `store` (`store_id`, `store_name`, `store_address`, `store_ser_hours`) VALUES
(1, '民生門市', '台北市松山區民生東路四段58號1樓', '星期一 11:30–21:30\r\n星期二 11:30–21:30\r\n星期三 11:30–21:30\r\n星期四 11:30–21:30\r\n星期五 11:30–21:30\r\n星期六 12:00–22:00\r\n星期日 12:00–21:00'),
(2, '敦一門市', '台北市大安區敦化南路1段196號', '星期一 12:00–22:00\r\n星期二 12:00–22:00\r\n星期三 12:00–22:00\r\n星期四 12:00–22:00\r\n星期五 12:00–22:00\r\n星期六 12:00–22:00\r\n星期日 12:00–22:00'),
(3, '敦二門市', '台北市大安區敦化南路二段98號1樓', '星期一 11:00–21:00\r\n星期二 11:00–21:00\r\n星期三 11:00–21:00\r\n星期四 11:00–21:00\r\n星期五 11:00–21:00\r\n星期六 11:00–21:00\r\n星期日 11:00–21:00'),
(4, '松江門市', '台北市中山區松江路131號', '星期一 11:30–21:30\r\n星期二 11:30–21:30\r\n星期三 11:30–21:30\r\n星期四 11:30–21:30\r\n星期五 11:30–21:30\r\n星期六 11:30–21:30\r\n星期日 11:30–21:30'),
(5, '仁愛門市', '台北市大安區仁愛路4段29號1樓', '星期一 11:30–21:30\r\n星期二 11:30–21:30\r\n星期三 11:30–21:30\r\n星期四 11:30–21:30\r\n星期五 11:30–21:30\r\n星期六 11:30–21:30\r\n星期日 11:30–21:30'),
(6, '市政府門市', '台北市信義區忠孝東路五段51號1樓', '星期一 12:00–22:00\r\n星期二 12:00–22:00\r\n星期三 12:00–22:00\r\n星期四 12:00–22:00\r\n星期五 12:00–22:00\r\n星期六 12:00–22:00\r\n星期日 12:00–22:00'),
(7, '復興門市', '台北市中山區復興北路84號1樓', '星期一 11:30–21:30\r\n星期二 11:30–21:30\r\n星期三 11:30–21:30\r\n星期四 11:30–21:30\r\n星期五 11:30–21:30\r\n星期六 12:00–22:00\r\n星期日 12:00–22:00'),
(8, '中山門市', '台北市中山北路二段46號1樓', '星期一 11:30–21:30\r\n星期二 11:30–21:30\r\n星期三 11:30–21:30\r\n星期四 11:30–21:30\r\n星期五 11:30–21:30\r\n星期六 12:00–22:00\r\n星期日 12:00–22:00');

-- --------------------------------------------------------

--
-- 資料表結構 `sub_plan`
--

CREATE TABLE `sub_plan` (
  `sub_id` int(5) NOT NULL,
  `sub_plan` varchar(225) NOT NULL COMMENT '精米步合去分',
  `sub_products` varchar(20) NOT NULL COMMENT '直接寫死商品名稱',
  `sub_price` int(5) NOT NULL,
  `create_at` datetime NOT NULL DEFAULT current_timestamp() COMMENT '自然產生',
  `modified_at` datetime NOT NULL DEFAULT current_timestamp() COMMENT '自然產生'
) ENGINE=InnoDB DEFAULT CHARSET=utf8mb4;

--
-- 傾印資料表的資料 `sub_plan`
--

INSERT INTO `sub_plan` (`sub_id`, `sub_plan`, `sub_products`, `sub_price`, `create_at`, `modified_at`) VALUES
(1, '純米', '', 1300, '2022-01-03 16:26:22', '2022-01-03 16:26:22'),
(2, '純米吟釀', '', 1500, '2022-01-03 16:26:22', '2022-01-03 16:26:22'),
(3, '純米大吟釀', '', 1800, '2022-01-03 16:26:22', '2022-01-03 16:26:22');

-- --------------------------------------------------------

--
-- 資料表結構 `sub_time`
--

CREATE TABLE `sub_time` (
  `subtime_id` int(11) NOT NULL,
  `sub_time` varchar(225) NOT NULL COMMENT '一個月、六個月、一年',
  `sub_discount` float NOT NULL COMMENT '0.95,0.85,0.8',
  `create_at` datetime NOT NULL DEFAULT current_timestamp() COMMENT '自然產生',
  `modified_at` datetime NOT NULL DEFAULT current_timestamp() COMMENT '自然產生',
  `sub_time_month` int(2) NOT NULL COMMENT '1,6,12'
) ENGINE=InnoDB DEFAULT CHARSET=utf8mb4;

--
-- 傾印資料表的資料 `sub_time`
--

INSERT INTO `sub_time` (`subtime_id`, `sub_time`, `sub_discount`, `create_at`, `modified_at`, `sub_time_month`) VALUES
(1, '一個月', 0.95, '2022-01-03 16:27:50', '2022-01-03 16:27:50', 1),
(2, '六個月', 0.85, '2022-01-03 16:27:50', '2022-01-03 16:27:50', 6),
(3, '一年', 0.8, '2022-01-03 16:27:50', '2022-01-03 16:27:50', 12);

-- --------------------------------------------------------

--
-- 資料表結構 `user`
--

CREATE TABLE `user` (
  `user_id` int(11) NOT NULL,
  `user_account` varchar(20) NOT NULL,
  `user_pass` varchar(100) NOT NULL,
  `user_time` varchar(250) NOT NULL
) ENGINE=InnoDB DEFAULT CHARSET=utf8mb4;

--
-- 傾印資料表的資料 `user`
--

INSERT INTO `user` (`user_id`, `user_account`, `user_pass`, `user_time`) VALUES
(1, 'test001', 'test001', '2022-01-02'),
(2, 'test002', 'test002', '2022-01-02'),
(3, 'test003', 'test003', '2022-01-02'),
(4, 'test004', 'test004', '2022-01-02'),
(5, 'test005', 'test005', '2022-01-02'),
(6, 'test006', 'test006', '2022-01-02');

--
-- 已傾印資料表的索引
--

--
-- 資料表索引 `admin`
--
ALTER TABLE `admin`
  ADD PRIMARY KEY (`admin_id`);

--
-- 資料表索引 `cart_gift`
--
ALTER TABLE `cart_gift`
  ADD PRIMARY KEY (`cart_gift_id`),
  ADD UNIQUE KEY `cart_gift_id` (`cart_gift_id`),
  ADD KEY `box_color` (`box_color`),
  ADD KEY `gift_id` (`gift_id`),
  ADD KEY `member_id` (`member_id`);

--
-- 資料表索引 `cart_gift_d_d`
--
ALTER TABLE `cart_gift_d_d`
  ADD PRIMARY KEY (`cart_g_pro_id`),
  ADD KEY `cart_gift_id` (`cart_gift_id`),
  ADD KEY `pro_id` (`pro_id`);

--
-- 資料表索引 `cart_mark`
--
ALTER TABLE `cart_mark`
  ADD PRIMARY KEY (`cart_mark_id`),
  ADD KEY `cart_sake_id` (`cart_sake_id`),
  ADD KEY `mark_id` (`mark_id`);

--
-- 資料表索引 `cart_sake`
--
ALTER TABLE `cart_sake`
  ADD PRIMARY KEY (`cart_sake_id`),
  ADD UNIQUE KEY `cart_sake_id` (`cart_sake_id`),
  ADD KEY `pro_id` (`pro_id`),
  ADD KEY `member_id` (`member_id`);

--
-- 資料表索引 `discount`
--
ALTER TABLE `discount`
  ADD PRIMARY KEY (`discount_id`);

--
-- 資料表索引 `event`
--
ALTER TABLE `event`
  ADD PRIMARY KEY (`event_id`),
  ADD KEY `event_cat_id` (`event_cat_id`);

--
-- 資料表索引 `event_cat`
--
ALTER TABLE `event_cat`
  ADD PRIMARY KEY (`event_cat_id`);

--
-- 資料表索引 `favorite`
--
ALTER TABLE `favorite`
  ADD PRIMARY KEY (`fav_id`),
  ADD KEY `pro_id` (`pro_id`);

--
-- 資料表索引 `guide_a`
--
ALTER TABLE `guide_a`
  ADD PRIMARY KEY (`a_no`),
  ADD KEY `q_id` (`q_id`);

--
-- 資料表索引 `guide_clia`
--
ALTER TABLE `guide_clia`
  ADD PRIMARY KEY (`cli_id`),
  ADD KEY `a_no` (`a_no`),
  ADD KEY `q_id` (`q_id`);

--
-- 資料表索引 `guide_q`
--
ALTER TABLE `guide_q`
  ADD PRIMARY KEY (`q_id`);

--
-- 資料表索引 `mark`
--
ALTER TABLE `mark`
  ADD PRIMARY KEY (`mark_id`),
  ADD KEY `member_id` (`member_id`);

--
-- 資料表索引 `member`
--
ALTER TABLE `member`
  ADD PRIMARY KEY (`member_id`),
  ADD KEY `user_id` (`user_id`);

--
-- 資料表索引 `menu_pictures`
--
ALTER TABLE `menu_pictures`
  ADD PRIMARY KEY (`menu_pic_id`),
  ADD UNIQUE KEY `menu_pic_name` (`menu_pic_name`),
  ADD KEY `res_id` (`res_id`);

--
-- 資料表索引 `news`
--
ALTER TABLE `news`
  ADD PRIMARY KEY (`news_id`);

--
-- 資料表索引 `order_event_d`
--
ALTER TABLE `order_event_d`
  ADD PRIMARY KEY (`order_d_id`),
  ADD UNIQUE KEY `order_d_id` (`order_d_id`),
  ADD KEY `event_id` (`event_id`),
  ADD KEY `order_id` (`order_id`);

--
-- 資料表索引 `order_gift_d`
--
ALTER TABLE `order_gift_d`
  ADD PRIMARY KEY (`order_g_id`),
  ADD KEY `order_id` (`order_id`),
  ADD KEY `box_color` (`box_color`),
  ADD KEY `gift_id` (`gift_id`);

--
-- 資料表索引 `order_gift_d_d`
--
ALTER TABLE `order_gift_d_d`
  ADD PRIMARY KEY (`order_g_pro_id`),
  ADD KEY `order_g_id` (`order_g_id`);

--
-- 資料表索引 `order_main`
--
ALTER TABLE `order_main`
  ADD PRIMARY KEY (`order_id`),
  ADD KEY `member_id` (`member_id`);

--
-- 資料表索引 `order_mark`
--
ALTER TABLE `order_mark`
  ADD PRIMARY KEY (`order_mark_id`),
  ADD KEY `mark_id` (`mark_id`),
  ADD KEY `order_d_id` (`order_d_id`);

--
-- 資料表索引 `order_sake_d`
--
ALTER TABLE `order_sake_d`
  ADD PRIMARY KEY (`order_d_id`),
  ADD UNIQUE KEY `order_d_id` (`order_d_id`),
  ADD KEY `pro_id` (`pro_id`),
  ADD KEY `order_id` (`order_id`);

--
-- 資料表索引 `order_sub_d`
--
ALTER TABLE `order_sub_d`
  ADD PRIMARY KEY (`order_d_id`),
  ADD UNIQUE KEY `order_d_id` (`order_d_id`),
  ADD KEY `sub_id` (`sub_id`),
  ADD KEY `subtime_id` (`subtime_id`),
  ADD KEY `order_id` (`order_id`);

--
-- 資料表索引 `payment_detail`
--
ALTER TABLE `payment_detail`
  ADD PRIMARY KEY (`payment_detail_id`),
  ADD KEY `order_id` (`order_id`);

--
-- 資料表索引 `product_container`
--
ALTER TABLE `product_container`
  ADD PRIMARY KEY (`container_id`);

--
-- 資料表索引 `product_format`
--
ALTER TABLE `product_format`
  ADD PRIMARY KEY (`format_id`),
  ADD KEY `pro_gift` (`pro_gift`),
  ADD KEY `container_id` (`container_id`);

--
-- 資料表索引 `product_gift`
--
ALTER TABLE `product_gift`
  ADD PRIMARY KEY (`gift_id`),
  ADD UNIQUE KEY `pro_gift` (`pro_gift`);

--
-- 資料表索引 `product_gift_d`
--
ALTER TABLE `product_gift_d`
  ADD PRIMARY KEY (`gift_d_id`),
  ADD KEY `gift_id` (`gift_id`),
  ADD KEY `box_color` (`box_color`) USING BTREE;

--
-- 資料表索引 `product_sake`
--
ALTER TABLE `product_sake`
  ADD PRIMARY KEY (`pro_id`),
  ADD KEY `format_id` (`format_id`);

--
-- 資料表索引 `restaurant`
--
ALTER TABLE `restaurant`
  ADD PRIMARY KEY (`res_id`);

--
-- 資料表索引 `restaurant_pictures`
--
ALTER TABLE `restaurant_pictures`
  ADD PRIMARY KEY (`res_pic_id`),
  ADD UNIQUE KEY `res_pic_name` (`res_pic_name`),
  ADD KEY `res_id` (`res_id`);

--
-- 資料表索引 `shipment_detail`
--
ALTER TABLE `shipment_detail`
  ADD PRIMARY KEY (`shipment_detail_id`),
  ADD KEY `store_id` (`store_id`),
  ADD KEY `order_id` (`order_id`);

--
-- 資料表索引 `special_menu`
--
ALTER TABLE `special_menu`
  ADD PRIMARY KEY (`sp_menu_id`),
  ADD UNIQUE KEY `sp_menu_pic_name` (`sp_menu_pic_name`),
  ADD KEY `res_id` (`res_id`);

--
-- 資料表索引 `store`
--
ALTER TABLE `store`
  ADD PRIMARY KEY (`store_id`);

--
-- 資料表索引 `sub_plan`
--
ALTER TABLE `sub_plan`
  ADD PRIMARY KEY (`sub_id`);

--
-- 資料表索引 `sub_time`
--
ALTER TABLE `sub_time`
  ADD PRIMARY KEY (`subtime_id`);

--
-- 資料表索引 `user`
--
ALTER TABLE `user`
  ADD PRIMARY KEY (`user_id`),
  ADD UNIQUE KEY `user_account` (`user_account`);

--
-- 在傾印的資料表使用自動遞增(AUTO_INCREMENT)
--

--
-- 使用資料表自動遞增(AUTO_INCREMENT) `admin`
--
ALTER TABLE `admin`
  MODIFY `admin_id` int(11) NOT NULL AUTO_INCREMENT, AUTO_INCREMENT=13;

--
-- 使用資料表自動遞增(AUTO_INCREMENT) `cart_gift_d_d`
--
ALTER TABLE `cart_gift_d_d`
  MODIFY `cart_g_pro_id` int(11) NOT NULL AUTO_INCREMENT;

--
-- 使用資料表自動遞增(AUTO_INCREMENT) `cart_mark`
--
ALTER TABLE `cart_mark`
  MODIFY `cart_mark_id` int(11) NOT NULL AUTO_INCREMENT;

--
-- 使用資料表自動遞增(AUTO_INCREMENT) `discount`
--
ALTER TABLE `discount`
  MODIFY `discount_id` int(11) NOT NULL AUTO_INCREMENT, AUTO_INCREMENT=7;

--
-- 使用資料表自動遞增(AUTO_INCREMENT) `event`
--
ALTER TABLE `event`
  MODIFY `event_id` int(4) NOT NULL AUTO_INCREMENT, AUTO_INCREMENT=19;

--
-- 使用資料表自動遞增(AUTO_INCREMENT) `event_cat`
--
ALTER TABLE `event_cat`
  MODIFY `event_cat_id` int(1) NOT NULL AUTO_INCREMENT COMMENT '1、2、3', AUTO_INCREMENT=4;

--
-- 使用資料表自動遞增(AUTO_INCREMENT) `favorite`
--
ALTER TABLE `favorite`
  MODIFY `fav_id` int(8) NOT NULL AUTO_INCREMENT;

--
-- 使用資料表自動遞增(AUTO_INCREMENT) `guide_a`
--
ALTER TABLE `guide_a`
  MODIFY `a_no` int(8) NOT NULL AUTO_INCREMENT, AUTO_INCREMENT=32;

--
-- 使用資料表自動遞增(AUTO_INCREMENT) `guide_clia`
--
ALTER TABLE `guide_clia`
  MODIFY `cli_id` int(8) NOT NULL AUTO_INCREMENT;

--
-- 使用資料表自動遞增(AUTO_INCREMENT) `guide_q`
--
ALTER TABLE `guide_q`
  MODIFY `q_id` int(8) NOT NULL AUTO_INCREMENT, AUTO_INCREMENT=10;

--
-- 使用資料表自動遞增(AUTO_INCREMENT) `mark`
--
ALTER TABLE `mark`
  MODIFY `mark_id` int(11) NOT NULL AUTO_INCREMENT;

--
-- 使用資料表自動遞增(AUTO_INCREMENT) `member`
--
ALTER TABLE `member`
  MODIFY `member_id` int(11) NOT NULL AUTO_INCREMENT, AUTO_INCREMENT=7;

--
-- 使用資料表自動遞增(AUTO_INCREMENT) `menu_pictures`
--
ALTER TABLE `menu_pictures`
  MODIFY `menu_pic_id` int(11) NOT NULL AUTO_INCREMENT, AUTO_INCREMENT=37;

--
-- 使用資料表自動遞增(AUTO_INCREMENT) `news`
--
ALTER TABLE `news`
  MODIFY `news_id` int(11) NOT NULL AUTO_INCREMENT, AUTO_INCREMENT=7;

--
-- 使用資料表自動遞增(AUTO_INCREMENT) `order_gift_d`
--
ALTER TABLE `order_gift_d`
  MODIFY `order_g_id` int(14) NOT NULL AUTO_INCREMENT;

--
-- 使用資料表自動遞增(AUTO_INCREMENT) `order_gift_d_d`
--
ALTER TABLE `order_gift_d_d`
  MODIFY `order_g_pro_id` int(14) NOT NULL AUTO_INCREMENT;

--
-- 使用資料表自動遞增(AUTO_INCREMENT) `order_mark`
--
ALTER TABLE `order_mark`
  MODIFY `order_mark_id` int(11) NOT NULL AUTO_INCREMENT;

--
-- 使用資料表自動遞增(AUTO_INCREMENT) `payment_detail`
--
ALTER TABLE `payment_detail`
  MODIFY `payment_detail_id` int(11) NOT NULL AUTO_INCREMENT;

--
-- 使用資料表自動遞增(AUTO_INCREMENT) `product_container`
--
ALTER TABLE `product_container`
  MODIFY `container_id` int(11) NOT NULL AUTO_INCREMENT, AUTO_INCREMENT=11;

--
-- 使用資料表自動遞增(AUTO_INCREMENT) `product_format`
--
ALTER TABLE `product_format`
  MODIFY `format_id` int(11) NOT NULL AUTO_INCREMENT COMMENT 'ex:1234', AUTO_INCREMENT=59;

--
-- 使用資料表自動遞增(AUTO_INCREMENT) `product_gift`
--
ALTER TABLE `product_gift`
  MODIFY `gift_id` int(11) NOT NULL AUTO_INCREMENT, AUTO_INCREMENT=5;

--
-- 使用資料表自動遞增(AUTO_INCREMENT) `product_gift_d`
--
ALTER TABLE `product_gift_d`
  MODIFY `gift_d_id` int(11) NOT NULL AUTO_INCREMENT, AUTO_INCREMENT=33;

--
-- 使用資料表自動遞增(AUTO_INCREMENT) `product_sake`
--
ALTER TABLE `product_sake`
  MODIFY `pro_id` int(11) NOT NULL AUTO_INCREMENT, AUTO_INCREMENT=59;

--
-- 使用資料表自動遞增(AUTO_INCREMENT) `restaurant`
--
ALTER TABLE `restaurant`
  MODIFY `res_id` int(11) NOT NULL AUTO_INCREMENT, AUTO_INCREMENT=13;

--
-- 使用資料表自動遞增(AUTO_INCREMENT) `restaurant_pictures`
--
ALTER TABLE `restaurant_pictures`
  MODIFY `res_pic_id` int(11) NOT NULL AUTO_INCREMENT, AUTO_INCREMENT=35;

--
-- 使用資料表自動遞增(AUTO_INCREMENT) `shipment_detail`
--
ALTER TABLE `shipment_detail`
  MODIFY `shipment_detail_id` int(11) NOT NULL AUTO_INCREMENT;

--
-- 使用資料表自動遞增(AUTO_INCREMENT) `special_menu`
--
ALTER TABLE `special_menu`
  MODIFY `sp_menu_id` int(11) NOT NULL AUTO_INCREMENT, AUTO_INCREMENT=13;

--
-- 使用資料表自動遞增(AUTO_INCREMENT) `store`
--
ALTER TABLE `store`
  MODIFY `store_id` int(11) NOT NULL AUTO_INCREMENT, AUTO_INCREMENT=9;

--
-- 使用資料表自動遞增(AUTO_INCREMENT) `sub_plan`
--
ALTER TABLE `sub_plan`
  MODIFY `sub_id` int(5) NOT NULL AUTO_INCREMENT, AUTO_INCREMENT=4;

--
-- 使用資料表自動遞增(AUTO_INCREMENT) `sub_time`
--
ALTER TABLE `sub_time`
  MODIFY `subtime_id` int(11) NOT NULL AUTO_INCREMENT, AUTO_INCREMENT=4;

--
-- 使用資料表自動遞增(AUTO_INCREMENT) `user`
--
ALTER TABLE `user`
  MODIFY `user_id` int(11) NOT NULL AUTO_INCREMENT, AUTO_INCREMENT=7;

--
-- 已傾印資料表的限制式
--

--
-- 資料表的限制式 `cart_gift`
--
ALTER TABLE `cart_gift`
  ADD CONSTRAINT `cart_gift_ibfk_1` FOREIGN KEY (`box_color`) REFERENCES `product_gift_d` (`box_color`),
  ADD CONSTRAINT `cart_gift_ibfk_2` FOREIGN KEY (`gift_id`) REFERENCES `product_gift` (`gift_id`),
  ADD CONSTRAINT `cart_gift_ibfk_3` FOREIGN KEY (`member_id`) REFERENCES `member` (`member_id`);

--
-- 資料表的限制式 `cart_gift_d_d`
--
ALTER TABLE `cart_gift_d_d`
  ADD CONSTRAINT `cart_gift_d_d_ibfk_1` FOREIGN KEY (`cart_gift_id`) REFERENCES `cart_gift` (`cart_gift_id`),
  ADD CONSTRAINT `cart_gift_d_d_ibfk_2` FOREIGN KEY (`pro_id`) REFERENCES `product_sake` (`pro_id`);

--
-- 資料表的限制式 `cart_mark`
--
ALTER TABLE `cart_mark`
  ADD CONSTRAINT `cart_mark_ibfk_1` FOREIGN KEY (`cart_sake_id`) REFERENCES `cart_sake` (`cart_sake_id`),
  ADD CONSTRAINT `cart_mark_ibfk_2` FOREIGN KEY (`mark_id`) REFERENCES `mark` (`mark_id`);

--
-- 資料表的限制式 `cart_sake`
--
ALTER TABLE `cart_sake`
  ADD CONSTRAINT `cart_sake_ibfk_1` FOREIGN KEY (`pro_id`) REFERENCES `product_sake` (`pro_id`),
  ADD CONSTRAINT `cart_sake_ibfk_2` FOREIGN KEY (`member_id`) REFERENCES `member` (`member_id`);

--
-- 資料表的限制式 `event`
--
ALTER TABLE `event`
  ADD CONSTRAINT `event_ibfk_1` FOREIGN KEY (`event_cat_id`) REFERENCES `event_cat` (`event_cat_id`);

--
-- 資料表的限制式 `favorite`
--
ALTER TABLE `favorite`
  ADD CONSTRAINT `favorite_ibfk_1` FOREIGN KEY (`pro_id`) REFERENCES `product_sake` (`pro_id`);

--
-- 資料表的限制式 `guide_a`
--
ALTER TABLE `guide_a`
  ADD CONSTRAINT `guide_a_ibfk_1` FOREIGN KEY (`q_id`) REFERENCES `guide_q` (`q_id`);

--
-- 資料表的限制式 `guide_clia`
--
ALTER TABLE `guide_clia`
  ADD CONSTRAINT `guide_clia_ibfk_1` FOREIGN KEY (`a_no`) REFERENCES `guide_a` (`a_no`),
  ADD CONSTRAINT `guide_clia_ibfk_2` FOREIGN KEY (`q_id`) REFERENCES `guide_q` (`q_id`);

--
-- 資料表的限制式 `mark`
--
ALTER TABLE `mark`
  ADD CONSTRAINT `mark_ibfk_1` FOREIGN KEY (`member_id`) REFERENCES `member` (`member_id`);

--
-- 資料表的限制式 `member`
--
ALTER TABLE `member`
  ADD CONSTRAINT `member_ibfk_1` FOREIGN KEY (`user_id`) REFERENCES `user` (`user_id`);

--
-- 資料表的限制式 `menu_pictures`
--
ALTER TABLE `menu_pictures`
  ADD CONSTRAINT `menu_pictures_ibfk_1` FOREIGN KEY (`res_id`) REFERENCES `restaurant` (`res_id`);

--
-- 資料表的限制式 `order_event_d`
--
ALTER TABLE `order_event_d`
  ADD CONSTRAINT `order_event_d_ibfk_1` FOREIGN KEY (`event_id`) REFERENCES `event` (`event_id`),
  ADD CONSTRAINT `order_event_d_ibfk_2` FOREIGN KEY (`order_id`) REFERENCES `order_main` (`order_id`);

--
-- 資料表的限制式 `order_gift_d`
--
ALTER TABLE `order_gift_d`
  ADD CONSTRAINT `order_gift_d_ibfk_1` FOREIGN KEY (`order_id`) REFERENCES `order_main` (`order_id`),
  ADD CONSTRAINT `order_gift_d_ibfk_2` FOREIGN KEY (`box_color`) REFERENCES `product_gift_d` (`box_color`),
  ADD CONSTRAINT `order_gift_d_ibfk_3` FOREIGN KEY (`gift_id`) REFERENCES `product_gift` (`gift_id`);

--
-- 資料表的限制式 `order_gift_d_d`
--
ALTER TABLE `order_gift_d_d`
  ADD CONSTRAINT `order_gift_d_d_ibfk_1` FOREIGN KEY (`order_g_id`) REFERENCES `order_gift_d` (`order_g_id`);

--
-- 資料表的限制式 `order_main`
--
ALTER TABLE `order_main`
  ADD CONSTRAINT `order_main_ibfk_1` FOREIGN KEY (`member_id`) REFERENCES `member` (`member_id`);

--
-- 資料表的限制式 `order_mark`
--
ALTER TABLE `order_mark`
  ADD CONSTRAINT `order_mark_ibfk_1` FOREIGN KEY (`mark_id`) REFERENCES `mark` (`mark_id`),
  ADD CONSTRAINT `order_mark_ibfk_2` FOREIGN KEY (`order_d_id`) REFERENCES `order_sake_d` (`order_d_id`);

--
-- 資料表的限制式 `order_sake_d`
--
ALTER TABLE `order_sake_d`
  ADD CONSTRAINT `order_sake_d_ibfk_1` FOREIGN KEY (`pro_id`) REFERENCES `product_sake` (`pro_id`),
  ADD CONSTRAINT `order_sake_d_ibfk_2` FOREIGN KEY (`order_id`) REFERENCES `order_main` (`order_id`);

--
-- 資料表的限制式 `order_sub_d`
--
ALTER TABLE `order_sub_d`
  ADD CONSTRAINT `order_sub_d_ibfk_1` FOREIGN KEY (`sub_id`) REFERENCES `sub_plan` (`sub_id`),
  ADD CONSTRAINT `order_sub_d_ibfk_3` FOREIGN KEY (`order_id`) REFERENCES `order_main` (`order_id`),
  ADD CONSTRAINT `order_sub_d_ibfk_4` FOREIGN KEY (`subtime_id`) REFERENCES `sub_time` (`subtime_id`);

--
-- 資料表的限制式 `payment_detail`
--
ALTER TABLE `payment_detail`
  ADD CONSTRAINT `payment_detail_ibfk_1` FOREIGN KEY (`order_id`) REFERENCES `order_main` (`order_id`);

--
-- 資料表的限制式 `product_format`
--
ALTER TABLE `product_format`
  ADD CONSTRAINT `product_format_ibfk_1` FOREIGN KEY (`pro_gift`) REFERENCES `product_gift` (`pro_gift`),
  ADD CONSTRAINT `product_format_ibfk_2` FOREIGN KEY (`container_id`) REFERENCES `product_container` (`container_id`);

--
-- 資料表的限制式 `product_gift_d`
--
ALTER TABLE `product_gift_d`
  ADD CONSTRAINT `product_gift_d_ibfk_1` FOREIGN KEY (`gift_id`) REFERENCES `product_gift` (`gift_id`);

--
-- 資料表的限制式 `product_sake`
--
ALTER TABLE `product_sake`
  ADD CONSTRAINT `product_sake_ibfk_1` FOREIGN KEY (`format_id`) REFERENCES `product_format` (`format_id`);

--
-- 資料表的限制式 `restaurant_pictures`
--
ALTER TABLE `restaurant_pictures`
  ADD CONSTRAINT `restaurant_pictures_ibfk_1` FOREIGN KEY (`res_id`) REFERENCES `restaurant` (`res_id`);

--
-- 資料表的限制式 `shipment_detail`
--
ALTER TABLE `shipment_detail`
  ADD CONSTRAINT `shipment_detail_ibfk_1` FOREIGN KEY (`store_id`) REFERENCES `store` (`store_id`),
  ADD CONSTRAINT `shipment_detail_ibfk_2` FOREIGN KEY (`order_id`) REFERENCES `order_main` (`order_id`);

--
-- 資料表的限制式 `special_menu`
--
ALTER TABLE `special_menu`
  ADD CONSTRAINT `special_menu_ibfk_1` FOREIGN KEY (`res_id`) REFERENCES `restaurant` (`res_id`);
COMMIT;

/*!40101 SET CHARACTER_SET_CLIENT=@OLD_CHARACTER_SET_CLIENT */;
/*!40101 SET CHARACTER_SET_RESULTS=@OLD_CHARACTER_SET_RESULTS */;
/*!40101 SET COLLATION_CONNECTION=@OLD_COLLATION_CONNECTION */;
